distribution_state_id,distribution_group,source_world,source_path,scenario_split,scenario_id,scenario_family,seed,t,n_bins,cell_count,mass_sum,nonzero_cell_count,distribution_entropy,distribution_concentration,distribution_spread,center_dim0,center_dim1,center_dim2,center_dim3,center_dim4,external_factor_family,external_factor_strength,external_factor_time_shape,external_factor_combination,external_factor_count,external_factor_scenario_id,base_pair_key,notes
base_v3_3|fit_external|base_v3_3_fit_external|seed0|t0|n4,base_v3_3,DistributionTerrainV322World,pseudo_reality/distribution_terrain_v3_2_2.py,fit_external,base_v3_3_fit_external,no_external_reference,0,0,4,1024,1.0,1024,4.871761597284614,0.015371397690746655,0.23575633998343132,0.49923156958662396,0.5004377858658249,0.4996839601605998,0.49993102876691875,0.49989501144397974,none,none,none,none,0,none,seed=0|t=0|n_bins=4|scenario_split=fit_external,neutral external factors; base v3.3 distribution
base_v3_3|fit_external|base_v3_3_fit_external|seed0|t12|n4,base_v3_3,DistributionTerrainV322World,pseudo_reality/distribution_terrain_v3_2_2.py,fit_external,base_v3_3_fit_external,no_external_reference,0,12,4,1024,1.0,1024,4.990497213799709,0.013909668202102108,0.2459947496005378,0.49272852200867767,0.50454586166893,0.5102154600001181,0.4995968568144669,0.5048195127409529,none,none,none,none,0,none,seed=0|t=12|n_bins=4|scenario_split=fit_external,neutral external factors; base v3.3 distribution sampled for production scenario horizon pairing
base_v3_3|fit_external|base_v3_3_fit_external|seed1|t0|n4,base_v3_3,DistributionTerrainV322World,pseudo_reality/distribution_terrain_v3_2_2.py,fit_external,base_v3_3_fit_external,no_external_reference,1,0,4,1024,1.0,1024,4.866387671256291,0.015409947279409041,0.23491322388175345,0.5004705239216543,0.5000149550255157,0.5001269287362771,0.5000457398325957,0.5004824262570767,none,none,none,none,0,none,seed=1|t=0|n_bins=4|scenario_split=fit_external,neutral external factors; base v3.3 distribution
base_v3_3|fit_external|base_v3_3_fit_external|seed1|t12|n4,base_v3_3,DistributionTerrainV322World,pseudo_reality/distribution_terrain_v3_2_2.py,fit_external,base_v3_3_fit_external,no_external_reference,1,12,4,1024,1.0,1024,4.985449000400995,0.013944118917513269,0.24518074370092152,0.4939523535395099,0.5041323376601157,0.5106563022898523,0.4997084254816734,0.5053983091015515,none,none,none,none,0,none,seed=1|t=12|n_bins=4|scenario_split=fit_external,neutral external factors; base v3.3 distribution sampled for production scenario horizon pairing
base_v3_3|fit_external|base_v3_3_fit_external|seed2|t0|n4,base_v3_3,DistributionTerrainV322World,pseudo_reality/distribution_terrain_v3_2_2.py,fit_external,base_v3_3_fit_external,no_external_reference,2,0,4,1024,1.0,1024,4.86696490252232,0.015399583137446035,0.23500453175427877,0.5004860172342953,0.49962949115517113,0.5005888127261332,0.49988605867554187,0.4997078884267268,none,none,none,none,0,none,seed=2|t=0|n_bins=4|scenario_split=fit_external,neutral external factors; base v3.3 distribution
base_v3_3|fit_external|base_v3_3_fit_external|seed2|t12|n4,base_v3_3,DistributionTerrainV322World,pseudo_reality/distribution_terrain_v3_2_2.py,fit_external,base_v3_3_fit_external,no_external_reference,2,12,4,1024,1.0,1024,4.985779091742397,0.01393512817557124,0.24526121229472705,0.49396638053558406,0.5037489648419498,0.5111020924553556,0.4995520764473192,0.5046344914254929,none,none,none,none,0,none,seed=2|t=12|n_bins=4|scenario_split=fit_external,neutral external factors; base v3.3 distribution sampled for production scenario horizon pairing
base_v3_3|holdout_external|base_v3_3_holdout_external|seed10|t0|n4,base_v3_3,DistributionTerrainV322World,pseudo_reality/distribution_terrain_v3_2_2.py,holdout_external,base_v3_3_holdout_external,no_external_reference,10,0,4,1024,1.0,1024,4.864145855201157,0.015427063106681339,0.23480943443004682,0.49983287696093937,0.5000997330108676,0.4995995949206735,0.49981668405538626,0.4995874085567841,none,none,none,none,0,none,seed=10|t=0|n_bins=4|scenario_split=holdout_external,neutral external factors; base v3.3 distribution
base_v3_3|holdout_external|base_v3_3_holdout_external|seed10|t12|n4,base_v3_3,DistributionTerrainV322World,pseudo_reality/distribution_terrain_v3_2_2.py,holdout_external,base_v3_3_holdout_external,no_external_reference,10,12,4,1024,1.0,1024,4.983273436984948,0.013959252430645101,0.24507447396802823,0.4933204295324602,0.5042120415298317,0.5101335124017792,0.49948069509438253,0.5045100454585871,none,none,none,none,0,none,seed=10|t=12|n_bins=4|scenario_split=holdout_external,neutral external factors; base v3.3 distribution sampled for production scenario horizon pairing
base_v3_3|holdout_external|base_v3_3_holdout_external|seed10|t20|n4,base_v3_3,DistributionTerrainV322World,pseudo_reality/distribution_terrain_v3_2_2.py,holdout_external,base_v3_3_holdout_external,no_external_reference,10,20,4,1024,1.0,1024,4.983273436984948,0.013959252430645101,0.24507447396802823,0.4933204295324602,0.5042120415298317,0.5101335124017792,0.49948069509438253,0.5045100454585871,none,none,none,none,0,none,seed=10|t=20|n_bins=4|scenario_split=holdout_external,neutral external factors; base v3.3 distribution sampled for production scenario horizon pairing
base_v3_3|holdout_external|base_v3_3_holdout_external|seed11|t0|n4,base_v3_3,DistributionTerrainV322World,pseudo_reality/distribution_terrain_v3_2_2.py,holdout_external,base_v3_3_holdout_external,no_external_reference,11,0,4,1024,1.0000000000000002,1024,4.857421714564134,0.015475465551523045,0.23393399017652416,0.5002922138356813,0.5004550450790934,0.4997675941157368,0.4999370805385682,0.5002247846317098,none,none,none,none,0,none,seed=11|t=0|n_bins=4|scenario_split=holdout_external,neutral external factors; base v3.3 distribution
base_v3_3|holdout_external|base_v3_3_holdout_external|seed11|t12|n4,base_v3_3,DistributionTerrainV322World,pseudo_reality/distribution_terrain_v3_2_2.py,holdout_external,base_v3_3_holdout_external,no_external_reference,11,12,4,1024,1.0,1024,4.976949142833206,0.014003029639241694,0.24421913112836852,0.4937707691444474,0.5045632421830929,0.5102961590863807,0.4995979838856468,0.505148027639404,none,none,none,none,0,none,seed=11|t=12|n_bins=4|scenario_split=holdout_external,neutral external factors; base v3.3 distribution sampled for production scenario horizon pairing
base_v3_3|holdout_external|base_v3_3_holdout_external|seed11|t20|n4,base_v3_3,DistributionTerrainV322World,pseudo_reality/distribution_terrain_v3_2_2.py,holdout_external,base_v3_3_holdout_external,no_external_reference,11,20,4,1024,1.0,1024,4.976949142833206,0.014003029639241694,0.24421913112836852,0.4937707691444474,0.5045632421830929,0.5102961590863807,0.4995979838856468,0.505148027639404,none,none,none,none,0,none,seed=11|t=20|n_bins=4|scenario_split=holdout_external,neutral external factors; base v3.3 distribution sampled for production scenario horizon pairing
external_augmented|fit_external|fit_single_external_resource_supply_-1.00|seed0|t12|n4,external_augmented,DistributionTerrainV322World,pseudo_reality/distribution_terrain_v3_2_2.py,fit_external,fit_single_external_resource_supply_-1.00,single_sustained_factor,0,12,4,1024,1.0,1024,4.9893729743541515,0.013923794720729216,0.24589197490525438,0.493146120721938,0.5045533625329703,0.5102344998195951,0.49959488159117676,0.5048287106119509,resource_supply,-1.0,single_sustained_factor,external_resource_supply=-1.00,1,fit_single_external_resource_supply_-1.00,seed=0|t=12|n_bins=4|scenario_split=fit_external,external factor acted on production world; labels remain metadata
external_augmented|fit_external|fit_single_external_resource_supply_-1.00|seed1|t12|n4,external_augmented,DistributionTerrainV322World,pseudo_reality/distribution_terrain_v3_2_2.py,fit_external,fit_single_external_resource_supply_-1.00,single_sustained_factor,1,12,4,1024,1.0,1024,4.984314596780479,0.013958277540195477,0.24507706783432076,0.4943707822625942,0.5041400755797663,0.5106756057580142,0.49970690949901875,0.50540780933548,resource_supply,-1.0,single_sustained_factor,external_resource_supply=-1.00,1,fit_single_external_resource_supply_-1.00,seed=1|t=12|n_bins=4|scenario_split=fit_external,external factor acted on production world; labels remain metadata
external_augmented|fit_external|fit_single_external_resource_supply_-1.00|seed2|t12|n4,external_augmented,DistributionTerrainV322World,pseudo_reality/distribution_terrain_v3_2_2.py,fit_external,fit_single_external_resource_supply_-1.00,single_sustained_factor,2,12,4,1024,1.0,1024,4.984642414705478,0.013949282380825514,0.24515814702186567,0.4943843960628372,0.5037565036144067,0.5111216048133576,0.4995501485103047,0.5046439482542499,resource_supply,-1.0,single_sustained_factor,external_resource_supply=-1.00,1,fit_single_external_resource_supply_-1.00,seed=2|t=12|n_bins=4|scenario_split=fit_external,external factor acted on production world; labels remain metadata
external_augmented|fit_external|fit_single_external_resource_supply_-0.50|seed0|t12|n4,external_augmented,DistributionTerrainV322World,pseudo_reality/distribution_terrain_v3_2_2.py,fit_external,fit_single_external_resource_supply_-0.50,single_sustained_factor,0,12,4,1024,1.0,1024,4.989935414689567,0.01391673814710066,0.24594327441893232,0.4929370397769078,0.5045495910722116,0.5102248635226692,0.4995959110355168,0.504824112920381,resource_supply,-0.5,single_sustained_factor,external_resource_supply=-0.50,1,fit_single_external_resource_supply_-0.50,seed=0|t=12|n_bins=4|scenario_split=fit_external,external factor acted on production world; labels remain metadata
external_augmented|fit_external|fit_single_external_resource_supply_-0.50|seed1|t12|n4,external_augmented,DistributionTerrainV322World,pseudo_reality/distribution_terrain_v3_2_2.py,fit_external,fit_single_external_resource_supply_-0.50,single_sustained_factor,1,12,4,1024,1.0,1024,4.98488187047163,0.013951204947793578,0.24512882372800476,0.4941612891624959,0.5041361861902152,0.5106658575542471,0.4997076941679251,0.5054030443714191,resource_supply,-0.5,single_sustained_factor,external_resource_supply=-0.50,1,fit_single_external_resource_supply_-0.50,seed=1|t=12|n_bins=4|scenario_split=fit_external,external factor acted on production world; labels remain metadata
external_augmented|fit_external|fit_single_external_resource_supply_-0.50|seed2|t12|n4,external_augmented,DistributionTerrainV322World,pseudo_reality/distribution_terrain_v3_2_2.py,fit_external,fit_single_external_resource_supply_-0.50,single_sustained_factor,2,12,4,1024,1.0,1024,4.98521114717521,0.013942211969765483,0.24520955898571617,0.4941751299291411,0.5037527155065348,0.5111117496708804,0.4995511492165714,0.5046392136583571,resource_supply,-0.5,single_sustained_factor,external_resource_supply=-0.50,1,fit_single_external_resource_supply_-0.50,seed=2|t=12|n_bins=4|scenario_split=fit_external,external factor acted on production world; labels remain metadata
external_augmented|fit_external|fit_single_external_resource_supply_+0.50|seed0|t12|n4,external_augmented,DistributionTerrainV322World,pseudo_reality/distribution_terrain_v3_2_2.py,fit_external,fit_single_external_resource_supply_+0.50,single_sustained_factor,0,12,4,1024,1.0,1024,4.990419605252854,0.013910714780182458,0.24598587374852526,0.4929764972080047,0.5045747182438842,0.5102877226464306,0.4995944066057989,0.5048543386094942,resource_supply,0.5,single_sustained_factor,external_resource_supply=+0.50,1,fit_single_external_resource_supply_+0.50,seed=0|t=12|n_bins=4|scenario_split=fit_external,external factor acted on production world; labels remain metadata
external_augmented|fit_external|fit_single_external_resource_supply_+0.50|seed1|t12|n4,external_augmented,DistributionTerrainV322World,pseudo_reality/distribution_terrain_v3_2_2.py,fit_external,fit_single_external_resource_supply_+0.50,single_sustained_factor,1,12,4,1024,1.0,1024,4.985366534604005,0.01394516548631279,0.24517183835913714,0.49420054011838943,0.5041612599569729,0.5107287034188419,0.4997059238407908,0.5054330451151094,resource_supply,0.5,single_sustained_factor,external_resource_supply=+0.50,1,fit_single_external_resource_supply_+0.50,seed=1|t=12|n_bins=4|scenario_split=fit_external,external factor acted on production world; labels remain metadata
external_augmented|fit_external|fit_single_external_resource_supply_+0.50|seed2|t12|n4,external_augmented,DistributionTerrainV322World,pseudo_reality/distribution_terrain_v3_2_2.py,fit_external,fit_single_external_resource_supply_+0.50,single_sustained_factor,2,12,4,1024,1.0,1024,4.985694026030124,0.01393617718988346,0.2452520333464452,0.4942147531516339,0.5037779335125975,0.5111744468989937,0.499549676297305,0.504669411866676,resource_supply,0.5,single_sustained_factor,external_resource_supply=+0.50,1,fit_single_external_resource_supply_+0.50,seed=2|t=12|n_bins=4|scenario_split=fit_external,external factor acted on production world; labels remain metadata
external_augmented|fit_external|fit_single_external_resource_supply_+1.00|seed0|t12|n4,external_augmented,DistributionTerrainV322World,pseudo_reality/distribution_terrain_v3_2_2.py,fit_external,fit_single_external_resource_supply_+1.00,single_sustained_factor,0,12,4,1024,1.0,1024,4.9903370324073695,0.013911792824089437,0.24597671844207603,0.4932282099134867,0.5046040095958555,0.5103610360626715,0.4995919027164679,0.5048896792098958,resource_supply,1.0,single_sustained_factor,external_resource_supply=+1.00,1,fit_single_external_resource_supply_+1.00,seed=0|t=12|n_bins=4|scenario_split=fit_external,external factor acted on production world; labels remain metadata
external_augmented|fit_external|fit_single_external_resource_supply_+1.00|seed1|t12|n4,external_augmented,DistributionTerrainV322World,pseudo_reality/distribution_terrain_v3_2_2.py,fit_external,fit_single_external_resource_supply_+1.00,single_sustained_factor,1,12,4,1024,1.0,1024,4.985279016719167,0.013946243551276511,0.24516264884990455,0.494452486673703,0.5041906200556047,0.5108021633475222,0.49970337921370905,0.5054683040709946,resource_supply,1.0,single_sustained_factor,external_resource_supply=+1.00,1,fit_single_external_resource_supply_+1.00,seed=1|t=12|n_bins=4|scenario_split=fit_external,external factor acted on production world; labels remain metadata
external_augmented|fit_external|fit_single_external_resource_supply_+1.00|seed2|t12|n4,external_augmented,DistributionTerrainV322World,pseudo_reality/distribution_terrain_v3_2_2.py,fit_external,fit_single_external_resource_supply_+1.00,single_sustained_factor,2,12,4,1024,1.0,1024,4.985603742135891,0.013937257757684314,0.2452425764706046,0.49446685751578434,0.5038073372688587,0.5112478527713751,0.49954721605597957,0.5047048422561251,resource_supply,1.0,single_sustained_factor,external_resource_supply=+1.00,1,fit_single_external_resource_supply_+1.00,seed=2|t=12|n_bins=4|scenario_split=fit_external,external factor acted on production world; labels remain metadata
external_augmented|fit_external|fit_single_external_demand_-1.00|seed0|t12|n4,external_augmented,DistributionTerrainV322World,pseudo_reality/distribution_terrain_v3_2_2.py,fit_external,fit_single_external_demand_-1.00,single_sustained_factor,0,12,4,1024,1.0,1024,4.988893278346279,0.013929630496444714,0.24585223162680817,0.49282196438817555,0.5044873900378426,0.5100646129120258,0.49960216488767545,0.5047492024417026,demand,-1.0,single_sustained_factor,external_demand=-1.00,1,fit_single_external_demand_-1.00,seed=0|t=12|n_bins=4|scenario_split=fit_external,external factor acted on production world; labels remain metadata
external_augmented|fit_external|fit_single_external_demand_-1.00|seed1|t12|n4,external_augmented,DistributionTerrainV322World,pseudo_reality/distribution_terrain_v3_2_2.py,fit_external,fit_single_external_demand_-1.00,single_sustained_factor,1,12,4,1024,1.0,1024,4.983842247708982,0.01396413695543448,0.2450377026176054,0.4940459245304083,0.5040736771915978,0.5105054302944658,0.49971364914437943,0.5053280282715018,demand,-1.0,single_sustained_factor,external_demand=-1.00,1,fit_single_external_demand_-1.00,seed=1|t=12|n_bins=4|scenario_split=fit_external,external factor acted on production world; labels remain metadata
external_augmented|fit_external|fit_single_external_demand_-1.00|seed2|t12|n4,external_augmented,DistributionTerrainV322World,pseudo_reality/distribution_terrain_v3_2_2.py,fit_external,fit_single_external_demand_-1.00,single_sustained_factor,2,12,4,1024,1.0,1024,4.984173271437138,0.013955127999427795,0.24511834020864953,0.4940600255687226,0.5036903463251066,0.5109515612648197,0.4995572398477328,0.5045640652866334,demand,-1.0,single_sustained_factor,external_demand=-1.00,1,fit_single_external_demand_-1.00,seed=2|t=12|n_bins=4|scenario_split=fit_external,external factor acted on production world; labels remain metadata
external_augmented|fit_external|fit_single_external_demand_-0.50|seed0|t12|n4,external_augmented,DistributionTerrainV322World,pseudo_reality/distribution_terrain_v3_2_2.py,fit_external,fit_single_external_demand_-0.50,single_sustained_factor,0,12,4,1024,1.0,1024,4.989695460217969,0.013919646092454586,0.24592337136341058,0.49277517527830794,0.5045166232077308,0.5101401564371817,0.4995995031414628,0.5047843834912917,demand,-0.5,single_sustained_factor,external_demand=-0.50,1,fit_single_external_demand_-0.50,seed=0|t=12|n_bins=4|scenario_split=fit_external,external factor acted on production world; labels remain metadata
external_augmented|fit_external|fit_single_external_demand_-0.50|seed1|t12|n4,external_augmented,DistributionTerrainV322World,pseudo_reality/distribution_terrain_v3_2_2.py,fit_external,fit_single_external_demand_-0.50,single_sustained_factor,1,12,4,1024,1.0,1024,4.98464568619403,0.013954124673425158,0.24510909679188064,0.49399908426188166,0.504103005228423,0.5105809658918549,0.49971098102620104,0.5053631826229017,demand,-0.5,single_sustained_factor,external_demand=-0.50,1,fit_single_external_demand_-0.50,seed=1|t=12|n_bins=4|scenario_split=fit_external,external factor acted on production world; labels remain metadata
external_augmented|fit_external|fit_single_external_demand_-0.50|seed2|t12|n4,external_augmented,DistributionTerrainV322World,pseudo_reality/distribution_terrain_v3_2_2.py,fit_external,fit_single_external_demand_-0.50,single_sustained_factor,2,12,4,1024,1.0,1024,4.984976377343374,0.013945124804100298,0.2451897158308381,0.49401314766435644,0.5037196555978893,0.5110269215564999,0.49955470165150256,0.5045992869821386,demand,-0.5,single_sustained_factor,external_demand=-0.50,1,fit_single_external_demand_-0.50,seed=2|t=12|n_bins=4|scenario_split=fit_external,external factor acted on production world; labels remain metadata
external_augmented|fit_external|fit_single_external_demand_+0.50|seed0|t12|n4,external_augmented,DistributionTerrainV322World,pseudo_reality/distribution_terrain_v3_2_2.py,fit_external,fit_single_external_demand_+0.50,single_sustained_factor,0,12,4,1024,0.9999999999999998,1024,4.990530826135526,0.013909079388601545,0.24599968063246277,0.49275069106409086,0.5045318214470192,0.5103227621690257,0.499598093757756,0.5048025974957919,demand,0.5,single_sustained_factor,external_demand=+0.50,1,fit_single_external_demand_+0.50,seed=0|t=12|n_bins=4|scenario_split=fit_external,external factor acted on production world; labels remain metadata
external_augmented|fit_external|fit_single_external_demand_+0.50|seed1|t12|n4,external_augmented,DistributionTerrainV322World,pseudo_reality/distribution_terrain_v3_2_2.py,fit_external,fit_single_external_demand_+0.50,single_sustained_factor,1,12,4,1024,1.0,1024,4.985483216410476,0.013943526165035976,0.24518569244389016,0.4939745822796921,0.5041183000535289,0.5107636933841012,0.4997096679472354,0.5053814099156089,demand,0.5,single_sustained_factor,external_demand=+0.50,1,fit_single_external_demand_+0.50,seed=1|t=12|n_bins=4|scenario_split=fit_external,external factor acted on production world; labels remain metadata
external_augmented|fit_external|fit_single_external_demand_+0.50|seed2|t12|n4,external_augmented,DistributionTerrainV322World,pseudo_reality/distribution_terrain_v3_2_2.py,fit_external,fit_single_external_demand_+0.50,single_sustained_factor,2,12,4,1024,0.9999999999999999,1024,4.985811283468665,0.013934537630559334,0.24526593989844114,0.4939885991221494,0.5037349401532543,0.5112093509411674,0.49955332396132923,0.5046175918672835,demand,0.5,single_sustained_factor,external_demand=+0.50,1,fit_single_external_demand_+0.50,seed=2|t=12|n_bins=4|scenario_split=fit_external,external factor acted on production world; labels remain metadata
external_augmented|fit_external|fit_single_external_demand_+1.00|seed0|t12|n4,external_augmented,DistributionTerrainV322World,pseudo_reality/distribution_terrain_v3_2_2.py,fit_external,fit_single_external_demand_+1.00,single_sustained_factor,0,12,4,1024,1.0,1024,4.990563395832167,0.013908499184057458,0.24600453595486865,0.49277269974949767,0.5045178833910194,0.5104292767434206,0.4995993213352182,0.5047858055712955,demand,1.0,single_sustained_factor,external_demand=+1.00,1,fit_single_external_demand_+1.00,seed=0|t=12|n_bins=4|scenario_split=fit_external,external factor acted on production world; labels remain metadata
external_augmented|fit_external|fit_single_external_demand_+1.00|seed1|t12|n4,external_augmented,DistributionTerrainV322World,pseudo_reality/distribution_terrain_v3_2_2.py,fit_external,fit_single_external_demand_+1.00,single_sustained_factor,1,12,4,1024,1.0,1024,4.985516381192142,0.013942942063247567,0.24519056529935768,0.49399665003809906,0.5041043645838377,0.5108702963108909,0.4997109010304094,0.505364633983627,demand,1.0,single_sustained_factor,external_demand=+1.00,1,fit_single_external_demand_+1.00,seed=1|t=12|n_bins=4|scenario_split=fit_external,external factor acted on production world; labels remain metadata
external_augmented|fit_external|fit_single_external_demand_+1.00|seed2|t12|n4,external_augmented,DistributionTerrainV322World,pseudo_reality/distribution_terrain_v3_2_2.py,fit_external,fit_single_external_demand_+1.00,single_sustained_factor,2,12,4,1024,1.0,1024,4.985842443070328,0.013933955713959658,0.24527059345161212,0.4940106568443338,0.5037210174785021,0.5113158225664717,0.4995545620423265,0.5046008154967578,demand,1.0,single_sustained_factor,external_demand=+1.00,1,fit_single_external_demand_+1.00,seed=2|t=12|n_bins=4|scenario_split=fit_external,external factor acted on production world; labels remain metadata
external_augmented|fit_external|fit_single_external_competition_pressure_0.25|seed0|t12|n4,external_augmented,DistributionTerrainV322World,pseudo_reality/distribution_terrain_v3_2_2.py,fit_external,fit_single_external_competition_pressure_0.25,single_sustained_factor,0,12,4,1024,1.0,1024,4.990756633665015,0.013906149608670103,0.2460217933038441,0.4927505224406509,0.5045316020428869,0.5103940161739844,0.4996793880981324,0.5048023112270951,competition_pressure,0.25,single_sustained_factor,external_competition_pressure=+0.25,1,fit_single_external_competition_pressure_0.25,seed=0|t=12|n_bins=4|scenario_split=fit_external,external factor acted on production world; labels remain metadata
external_augmented|fit_external|fit_single_external_competition_pressure_0.25|seed1|t12|n4,external_augmented,DistributionTerrainV322World,pseudo_reality/distribution_terrain_v3_2_2.py,fit_external,fit_single_external_competition_pressure_0.25,single_sustained_factor,1,12,4,1024,1.0,1024,4.985707898639218,0.01394060102248712,0.24520755322647583,0.4939745437775382,0.5041181914086279,0.5108349489477741,0.4997911325288351,0.50538126441236,competition_pressure,0.25,single_sustained_factor,external_competition_pressure=+0.25,1,fit_single_external_competition_pressure_0.25,seed=1|t=12|n_bins=4|scenario_split=fit_external,external factor acted on production world; labels remain metadata
external_augmented|fit_external|fit_single_external_competition_pressure_0.25|seed2|t12|n4,external_augmented,DistributionTerrainV322World,pseudo_reality/distribution_terrain_v3_2_2.py,fit_external,fit_single_external_competition_pressure_0.25,single_sustained_factor,2,12,4,1024,1.0,1024,4.986036652700292,0.013931608720185066,0.24528794125877507,0.4939883717112306,0.503734756998104,0.5112805803734023,0.49963452045601286,0.504617312596096,competition_pressure,0.25,single_sustained_factor,external_competition_pressure=+0.25,1,fit_single_external_competition_pressure_0.25,seed=2|t=12|n_bins=4|scenario_split=fit_external,external factor acted on production world; labels remain metadata
external_augmented|fit_external|fit_single_external_competition_pressure_0.50|seed0|t12|n4,external_augmented,DistributionTerrainV322World,pseudo_reality/distribution_terrain_v3_2_2.py,fit_external,fit_single_external_competition_pressure_0.50,single_sustained_factor,0,12,4,1024,1.0,1024,4.9910133558261,0.01390265638094455,0.2460487042721777,0.49277226498495347,0.5045174753325172,0.5105713236535825,0.4997615988463129,0.5047852469863747,competition_pressure,0.5,single_sustained_factor,external_competition_pressure=+0.50,1,fit_single_external_competition_pressure_0.50,seed=0|t=12|n_bins=4|scenario_split=fit_external,external factor acted on production world; labels remain metadata
external_augmented|fit_external|fit_single_external_competition_pressure_0.50|seed1|t12|n4,external_augmented,DistributionTerrainV322World,pseudo_reality/distribution_terrain_v3_2_2.py,fit_external,fit_single_external_competition_pressure_0.50,single_sustained_factor,1,12,4,1024,1.0,1024,4.985964274446028,0.013937108515574696,0.24523421896776065,0.4939964833676408,0.5041041865699493,0.5110123305188579,0.4998735419351089,0.5053643807008595,competition_pressure,0.5,single_sustained_factor,external_competition_pressure=+0.50,1,fit_single_external_competition_pressure_0.50,seed=1|t=12|n_bins=4|scenario_split=fit_external,external factor acted on production world; labels remain metadata
external_augmented|fit_external|fit_single_external_competition_pressure_0.50|seed2|t12|n4,external_augmented,DistributionTerrainV322World,pseudo_reality/distribution_terrain_v3_2_2.py,fit_external,fit_single_external_competition_pressure_0.50,single_sustained_factor,2,12,4,1024,1.0,1024,4.986291508726284,0.013928114647364915,0.24531455722773404,0.4940100897291522,0.5037206819187636,0.5114578074432985,0.49971664701191854,0.5046002764463396,competition_pressure,0.5,single_sustained_factor,external_competition_pressure=+0.50,1,fit_single_external_competition_pressure_0.50,seed=2|t=12|n_bins=4|scenario_split=fit_external,external factor acted on production world; labels remain metadata
external_augmented|fit_external|fit_single_external_competition_pressure_0.75|seed0|t12|n4,external_augmented,DistributionTerrainV322World,pseudo_reality/distribution_terrain_v3_2_2.py,fit_external,fit_single_external_competition_pressure_0.75,single_sustained_factor,0,12,4,1024,0.9999999999999999,1024,4.991267462945205,0.013899188249780701,0.24607548867180118,0.49279375853780216,0.5045034808658874,0.5107474000626447,0.4998435051203449,0.5047683249316548,competition_pressure,0.75,single_sustained_factor,external_competition_pressure=+0.75,1,fit_single_external_competition_pressure_0.75,seed=0|t=12|n_bins=4|scenario_split=fit_external,external factor acted on production world; labels remain metadata
external_augmented|fit_external|fit_single_external_competition_pressure_0.75|seed1|t12|n4,external_augmented,DistributionTerrainV322World,pseudo_reality/distribution_terrain_v3_2_2.py,fit_external,fit_single_external_competition_pressure_0.75,single_sustained_factor,1,12,4,1024,1.0,1024,4.986218156715405,0.013933641122828841,0.24526074388490077,0.49401817666224357,0.5040903190701773,0.5111884663258761,0.49995566193218666,0.5053476574396235,competition_pressure,0.75,single_sustained_factor,external_competition_pressure=+0.75,1,fit_single_external_competition_pressure_0.75,seed=1|t=12|n_bins=4|scenario_split=fit_external,external factor acted on production world; labels remain metadata
external_augmented|fit_external|fit_single_external_competition_pressure_0.75|seed2|t12|n4,external_augmented,DistributionTerrainV322World,pseudo_reality/distribution_terrain_v3_2_2.py,fit_external,fit_single_external_competition_pressure_0.75,single_sustained_factor,2,12,4,1024,1.0,1024,4.986543685106778,0.013924645691721783,0.245341076588702,0.494031536287453,0.503706736886211,0.5116337915178761,0.4997984645586654,0.5045833812890508,competition_pressure,0.75,single_sustained_factor,external_competition_pressure=+0.75,1,fit_single_external_competition_pressure_0.75,seed=2|t=12|n_bins=4|scenario_split=fit_external,external factor acted on production world; labels remain metadata
external_augmented|fit_external|fit_single_external_competition_pressure_1.00|seed0|t12|n4,external_augmented,DistributionTerrainV322World,pseudo_reality/distribution_terrain_v3_2_2.py,fit_external,fit_single_external_competition_pressure_1.00,single_sustained_factor,0,12,4,1024,1.0,1024,4.991519012633351,0.013895744948462208,0.24610213166934697,0.49281500380613247,0.5044896247829133,0.5109222429413851,0.49992512696223257,0.5047515539923673,competition_pressure,1.0,single_sustained_factor,external_competition_pressure=+1.00,1,fit_single_external_competition_pressure_1.00,seed=0|t=12|n_bins=4|scenario_split=fit_external,external factor acted on production world; labels remain metadata
external_augmented|fit_external|fit_single_external_competition_pressure_1.00|seed1|t12|n4,external_augmented,DistributionTerrainV322World,pseudo_reality/distribution_terrain_v3_2_2.py,fit_external,fit_single_external_competition_pressure_1.00,single_sustained_factor,1,12,4,1024,1.0,1024,4.986469505108626,0.013930198606406149,0.2452871143770726,0.49403962893264103,0.5040766025888199,0.5113633723407107,0.500037511595222,0.5053310998340679,competition_pressure,1.0,single_sustained_factor,external_competition_pressure=+1.00,1,fit_single_external_competition_pressure_1.00,seed=1|t=12|n_bins=4|scenario_split=fit_external,external factor acted on production world; labels remain metadata
external_augmented|fit_external|fit_single_external_competition_pressure_1.00|seed2|t12|n4,external_augmented,DistributionTerrainV322World,pseudo_reality/distribution_terrain_v3_2_2.py,fit_external,fit_single_external_competition_pressure_1.00,single_sustained_factor,2,12,4,1024,1.0,1024,4.986793271769417,0.013921201588069622,0.24536746605563914,0.4940527248578098,0.5036929298399228,0.5118085438935682,0.4998799967740809,0.5045666387366354,competition_pressure,1.0,single_sustained_factor,external_competition_pressure=+1.00,1,fit_single_external_competition_pressure_1.00,seed=2|t=12|n_bins=4|scenario_split=fit_external,external factor acted on production world; labels remain metadata
external_augmented|fit_external|fit_single_external_information_noise_0.25|seed0|t12|n4,external_augmented,DistributionTerrainV322World,pseudo_reality/distribution_terrain_v3_2_2.py,fit_external,fit_single_external_information_noise_0.25,single_sustained_factor,0,12,4,1024,1.0,1024,4.990025200404504,0.013915762127899052,0.24595431459626105,0.49282189913015273,0.5048103585091452,0.5101188558084955,0.499571391402741,0.5047481029278467,information_noise,0.25,single_sustained_factor,external_information_noise=+0.25,1,fit_single_external_information_noise_0.25,seed=0|t=12|n_bins=4|scenario_split=fit_external,external factor acted on production world; labels remain metadata
external_augmented|fit_external|fit_single_external_information_noise_0.25|seed1|t12|n4,external_augmented,DistributionTerrainV322World,pseudo_reality/distribution_terrain_v3_2_2.py,fit_external,fit_single_external_information_noise_0.25,single_sustained_factor,1,12,4,1024,1.0,1024,4.984978671906717,0.013950219495491734,0.24514027403379235,0.49404612306344964,0.5043970361919327,0.51055972628301,0.4996831513749568,0.5053270000436446,information_noise,0.25,single_sustained_factor,external_information_noise=+0.25,1,fit_single_external_information_noise_0.25,seed=1|t=12|n_bins=4|scenario_split=fit_external,external factor acted on production world; labels remain metadata
external_augmented|fit_external|fit_single_external_information_noise_0.25|seed2|t12|n4,external_augmented,DistributionTerrainV322World,pseudo_reality/distribution_terrain_v3_2_2.py,fit_external,fit_single_external_information_noise_0.25,single_sustained_factor,2,12,4,1024,1.0,1024,4.985309391265416,0.013941221636014321,0.24522093869646977,0.4940600106979925,0.5040136949328321,0.5110056335859956,0.4995266785209491,0.5045629658402377,information_noise,0.25,single_sustained_factor,external_information_noise=+0.25,1,fit_single_external_information_noise_0.25,seed=2|t=12|n_bins=4|scenario_split=fit_external,external factor acted on production world; labels remain metadata
external_augmented|fit_external|fit_single_external_information_noise_0.50|seed0|t12|n4,external_augmented,DistributionTerrainV322World,pseudo_reality/distribution_terrain_v3_2_2.py,fit_external,fit_single_external_information_noise_0.50,single_sustained_factor,0,12,4,1024,1.0,1024,4.989549999577671,0.01392185039069243,0.24591383576230144,0.49291332858704123,0.5050663781580356,0.510023806196823,0.49954666044619556,0.5046781345256279,information_noise,0.5,single_sustained_factor,external_information_noise=+0.50,1,fit_single_external_information_noise_0.50,seed=0|t=12|n_bins=4|scenario_split=fit_external,external factor acted on production world; labels remain metadata
external_augmented|fit_external|fit_single_external_information_noise_0.50|seed1|t12|n4,external_augmented,DistributionTerrainV322World,pseudo_reality/distribution_terrain_v3_2_2.py,fit_external,fit_single_external_information_noise_0.50,single_sustained_factor,1,12,4,1024,1.0,1024,4.984505270222503,0.013956314651294956,0.24509974887701647,0.4941379376614961,0.50465325291876,0.510464691969138,0.4996586380245276,0.5052571560811474,information_noise,0.5,single_sustained_factor,external_information_noise=+0.50,1,fit_single_external_information_noise_0.50,seed=1|t=12|n_bins=4|scenario_split=fit_external,external factor acted on production world; labels remain metadata
external_augmented|fit_external|fit_single_external_information_noise_0.50|seed2|t12|n4,external_augmented,DistributionTerrainV322World,pseudo_reality/distribution_terrain_v3_2_2.py,fit_external,fit_single_external_information_noise_0.50,single_sustained_factor,2,12,4,1024,1.0,1024,4.984836382800607,0.013947309759252523,0.2451806334586379,0.4941516723032794,0.5042699375423996,0.5109107140931131,0.49950202117182996,0.5044928921507791,information_noise,0.5,single_sustained_factor,external_information_noise=+0.50,1,fit_single_external_information_noise_0.50,seed=2|t=12|n_bins=4|scenario_split=fit_external,external factor acted on production world; labels remain metadata
external_augmented|fit_external|fit_single_external_information_noise_0.75|seed0|t12|n4,external_augmented,DistributionTerrainV322World,pseudo_reality/distribution_terrain_v3_2_2.py,fit_external,fit_single_external_information_noise_0.75,single_sustained_factor,0,12,4,1024,1.0,1024,4.989072091030755,0.013927932039837311,0.24587335955591194,0.4930029127928401,0.5053141584641692,0.509930286674321,0.4995226598373285,0.5046095594256652,information_noise,0.75,single_sustained_factor,external_information_noise=+0.75,1,fit_single_external_information_noise_0.75,seed=0|t=12|n_bins=4|scenario_split=fit_external,external factor acted on production world; labels remain metadata
external_augmented|fit_external|fit_single_external_information_noise_0.75|seed1|t12|n4,external_augmented,DistributionTerrainV322World,pseudo_reality/distribution_terrain_v3_2_2.py,fit_external,fit_single_external_information_noise_0.75,single_sustained_factor,1,12,4,1024,1.0,1024,4.984029270069369,0.013962403453700135,0.24505920694468014,0.49422785893254273,0.5049012538540124,0.5103711859128977,0.49963484706490835,0.5051887377046678,information_noise,0.75,single_sustained_factor,external_information_noise=+0.75,1,fit_single_external_information_noise_0.75,seed=1|t=12|n_bins=4|scenario_split=fit_external,external factor acted on production world; labels remain metadata
external_augmented|fit_external|fit_single_external_information_noise_0.75|seed2|t12|n4,external_augmented,DistributionTerrainV322World,pseudo_reality/distribution_terrain_v3_2_2.py,fit_external,fit_single_external_information_noise_0.75,single_sustained_factor,2,12,4,1024,1.0,1024,4.984360448994757,0.013953391620670035,0.24514031860021068,0.4942414630477725,0.5045179351664684,0.5108173254875781,0.4994781321295791,0.5044242269161656,information_noise,0.75,single_sustained_factor,external_information_noise=+0.75,1,fit_single_external_information_noise_0.75,seed=2|t=12|n_bins=4|scenario_split=fit_external,external factor acted on production world; labels remain metadata
external_augmented|fit_external|fit_single_external_information_noise_1.00|seed0|t12|n4,external_augmented,DistributionTerrainV322World,pseudo_reality/distribution_terrain_v3_2_2.py,fit_external,fit_single_external_information_noise_1.00,single_sustained_factor,0,12,4,1024,1.0,1024,4.988591808814023,0.013934006210218886,0.2458328617031876,0.4930906999058618,0.5055539786838761,0.5098382400789782,0.4994993942680336,0.5045423654607454,information_noise,1.0,single_sustained_factor,external_information_noise=+1.00,1,fit_single_external_information_noise_1.00,seed=0|t=12|n_bins=4|scenario_split=fit_external,external factor acted on production world; labels remain metadata
external_augmented|fit_external|fit_single_external_information_noise_1.00|seed1|t12|n4,external_augmented,DistributionTerrainV322World,pseudo_reality/distribution_terrain_v3_2_2.py,fit_external,fit_single_external_information_noise_1.00,single_sustained_factor,1,12,4,1024,1.0,1024,4.983550883456992,0.013968485041239442,0.24501863337744928,0.49431594388379707,0.505141318525159,0.5102791626113485,0.49961175879308667,0.5051217315126222,information_noise,1.0,single_sustained_factor,external_information_noise=+1.00,1,fit_single_external_information_noise_1.00,seed=1|t=12|n_bins=4|scenario_split=fit_external,external factor acted on production world; labels remain metadata
external_augmented|fit_external|fit_single_external_information_noise_1.00|seed2|t12|n4,external_augmented,DistributionTerrainV322World,pseudo_reality/distribution_terrain_v3_2_2.py,fit_external,fit_single_external_information_noise_1.00,single_sustained_factor,2,12,4,1024,0.9999999999999999,1024,4.983881989108784,0.01395946630479853,0.24509996353909577,0.4943294595829509,0.504757952545377,0.5107254116003233,0.4994550188340679,0.5043569500696388,information_noise,1.0,single_sustained_factor,external_information_noise=+1.00,1,fit_single_external_information_noise_1.00,seed=2|t=12|n_bins=4|scenario_split=fit_external,external factor acted on production world; labels remain metadata
external_augmented|fit_external|fit_single_external_shock_0.25|seed0|t12|n4,external_augmented,DistributionTerrainV322World,pseudo_reality/distribution_terrain_v3_2_2.py,fit_external,fit_single_external_shock_0.25,single_sustained_factor,0,12,4,1024,1.0,1024,4.988721311656132,0.01393176340255212,0.24583663308591192,0.49283113181102567,0.5044804089225271,0.5100489127547543,0.499601596382081,0.5047410674674064,shock,0.25,single_sustained_factor,external_shock=+0.25,1,fit_single_external_shock_0.25,seed=0|t=12|n_bins=4|scenario_split=fit_external,external factor acted on production world; labels remain metadata
external_augmented|fit_external|fit_single_external_shock_0.25|seed1|t12|n4,external_augmented,DistributionTerrainV322World,pseudo_reality/distribution_terrain_v3_2_2.py,fit_external,fit_single_external_shock_0.25,single_sustained_factor,1,12,4,1024,1.0,1024,4.983669045443628,0.013966275809080044,0.24502188100647607,0.4940554557868576,0.5040668108450099,0.5104897063565169,0.4997134458658327,0.5053201516020367,shock,0.25,single_sustained_factor,external_shock=+0.25,1,fit_single_external_shock_0.25,seed=1|t=12|n_bins=4|scenario_split=fit_external,external factor acted on production world; labels remain metadata
external_augmented|fit_external|fit_single_external_shock_0.25|seed2|t12|n4,external_augmented,DistributionTerrainV322World,pseudo_reality/distribution_terrain_v3_2_2.py,fit_external,fit_single_external_shock_0.25,single_sustained_factor,2,12,4,1024,1.0,1024,4.9840023654148435,0.013957264666846766,0.24510290671538562,0.4940691651335421,0.5036832926611852,0.5109358025988535,0.4995567986319521,0.5045560180383525,shock,0.25,single_sustained_factor,external_shock=+0.25,1,fit_single_external_shock_0.25,seed=2|t=12|n_bins=4|scenario_split=fit_external,external factor acted on production world; labels remain metadata
external_augmented|fit_external|fit_single_external_shock_0.50|seed0|t12|n4,external_augmented,DistributionTerrainV322World,pseudo_reality/distribution_terrain_v3_2_2.py,fit_external,fit_single_external_shock_0.50,single_sustained_factor,0,12,4,1024,1.0,1024,4.986956225294343,0.013953717358881162,0.24567974206014895,0.49293288432332194,0.5044154507381888,0.5098838059559285,0.49960622495313045,0.504663163730646,shock,0.5,single_sustained_factor,external_shock=+0.50,1,fit_single_external_shock_0.50,seed=0|t=12|n_bins=4|scenario_split=fit_external,external factor acted on production world; labels remain metadata
external_augmented|fit_external|fit_single_external_shock_0.50|seed1|t12|n4,external_augmented,DistributionTerrainV322World,pseudo_reality/distribution_terrain_v3_2_2.py,fit_external,fit_single_external_shock_0.50,single_sustained_factor,1,12,4,1024,1.0,1024,4.981900485977548,0.01398829116178776,0.24486418504856333,0.4941576385386538,0.5040018630267346,0.5103245585836325,0.4997184169741631,0.5052426322215541,shock,0.5,single_sustained_factor,external_shock=+0.50,1,fit_single_external_shock_0.50,seed=1|t=12|n_bins=4|scenario_split=fit_external,external factor acted on production world; labels remain metadata
external_augmented|fit_external|fit_single_external_shock_0.50|seed2|t12|n4,external_augmented,DistributionTerrainV322World,pseudo_reality/distribution_terrain_v3_2_2.py,fit_external,fit_single_external_shock_0.50,single_sustained_factor,2,12,4,1024,1.0,1024,4.982236204272748,0.01397925974428824,0.24494584813493997,0.4941710191426016,0.503618136998265,0.5107709415347235,0.49956144828614285,0.5044781134134521,shock,0.5,single_sustained_factor,external_shock=+0.50,1,fit_single_external_shock_0.50,seed=2|t=12|n_bins=4|scenario_split=fit_external,external factor acted on production world; labels remain metadata
external_augmented|fit_external|fit_single_external_shock_0.75|seed0|t12|n4,external_augmented,DistributionTerrainV322World,pseudo_reality/distribution_terrain_v3_2_2.py,fit_external,fit_single_external_shock_0.75,single_sustained_factor,0,12,4,1024,1.0,1024,4.985201866407042,0.013975529172203436,0.24552415673498335,0.49303382599614803,0.5043508658517005,0.5097201628924244,0.49961076929475806,0.5045858445345959,shock,0.75,single_sustained_factor,external_shock=+0.75,1,fit_single_external_shock_0.75,seed=0|t=12|n_bins=4|scenario_split=fit_external,external factor acted on production world; labels remain metadata
external_augmented|fit_external|fit_single_external_shock_0.75|seed1|t12|n4,external_augmented,DistributionTerrainV322World,pseudo_reality/distribution_terrain_v3_2_2.py,fit_external,fit_single_external_shock_0.75,single_sustained_factor,1,12,4,1024,1.0,1024,4.980144232201175,0.014010163775760948,0.2447078152421486,0.4942589626160274,0.5039373666287414,0.5101609077988327,0.49972320301014955,0.5051657136855996,shock,0.75,single_sustained_factor,external_shock=+0.75,1,fit_single_external_shock_0.75,seed=1|t=12|n_bins=4|scenario_split=fit_external,external factor acted on production world; labels remain metadata
external_augmented|fit_external|fit_single_external_shock_0.75|seed2|t12|n4,external_augmented,DistributionTerrainV322World,pseudo_reality/distribution_terrain_v3_2_2.py,fit_external,fit_single_external_shock_0.75,single_sustained_factor,2,12,4,1024,1.0,1024,4.980481481940821,0.014001112243425757,0.24479002239772546,0.49427217535314316,0.5035533330404633,0.5106075798285299,0.4995661197734308,0.504400897481167,shock,0.75,single_sustained_factor,external_shock=+0.75,1,fit_single_external_shock_0.75,seed=2|t=12|n_bins=4|scenario_split=fit_external,external factor acted on production world; labels remain metadata
external_augmented|fit_external|fit_single_external_shock_1.00|seed0|t12|n4,external_augmented,DistributionTerrainV322World,pseudo_reality/distribution_terrain_v3_2_2.py,fit_external,fit_single_external_shock_1.00,single_sustained_factor,0,12,4,1024,1.0,1024,4.983458265465439,0.013997198043325462,0.24537002789473403,0.49313382555862084,0.5042866361896109,0.5095579411017572,0.4996151216166167,0.5045090332231426,shock,1.0,single_sustained_factor,external_shock=+1.00,1,fit_single_external_shock_1.00,seed=0|t=12|n_bins=4|scenario_split=fit_external,external factor acted on production world; labels remain metadata
external_augmented|fit_external|fit_single_external_shock_1.00|seed1|t12|n4,external_augmented,DistributionTerrainV322World,pseudo_reality/distribution_terrain_v3_2_2.py,fit_external,fit_single_external_shock_1.00,single_sustained_factor,1,12,4,1024,1.0,1024,4.978400351761302,0.014031892869584213,0.24455284512272504,0.49435939630516734,0.5038732824193279,0.5099987631330976,0.4997278444762975,0.5050893222414236,shock,1.0,single_sustained_factor,external_shock=+1.00,1,fit_single_external_shock_1.00,seed=1|t=12|n_bins=4|scenario_split=fit_external,external factor acted on production world; labels remain metadata
external_augmented|fit_external|fit_single_external_shock_1.00|seed2|t12|n4,external_augmented,DistributionTerrainV322World,pseudo_reality/distribution_terrain_v3_2_2.py,fit_external,fit_single_external_shock_1.00,single_sustained_factor,2,12,4,1024,1.0,1024,4.978738554386187,0.014022821341520357,0.24463557267946837,0.49437250111794506,0.5034888864590734,0.5104457217321354,0.49957062901386184,0.5043243131099051,shock,1.0,single_sustained_factor,external_shock=+1.00,1,fit_single_external_shock_1.00,seed=2|t=12|n_bins=4|scenario_split=fit_external,external factor acted on production world; labels remain metadata
external_augmented|fit_external|fit_single_external_constraint_pressure_0.25|seed0|t12|n4,external_augmented,DistributionTerrainV322World,pseudo_reality/distribution_terrain_v3_2_2.py,fit_external,fit_single_external_constraint_pressure_0.25,single_sustained_factor,0,12,4,1024,1.0,1024,4.989890872908637,0.013917275977325418,0.245942131738205,0.49281938638995115,0.5044880818076861,0.510069595249953,0.49960143948397395,0.5050740384304405,constraint_pressure,0.25,single_sustained_factor,external_constraint_pressure=+0.25,1,fit_single_external_constraint_pressure_0.25,seed=0|t=12|n_bins=4|scenario_split=fit_external,external factor acted on production world; labels remain metadata
external_augmented|fit_external|fit_single_external_constraint_pressure_0.25|seed1|t12|n4,external_augmented,DistributionTerrainV322World,pseudo_reality/distribution_terrain_v3_2_2.py,fit_external,fit_single_external_constraint_pressure_0.25,single_sustained_factor,1,12,4,1024,1.0,1024,4.984834523637177,0.01395176087975698,0.24512710730485554,0.49404344833849656,0.5040745074979595,0.5105105034410828,0.4997132077163965,0.5056526513163966,constraint_pressure,0.25,single_sustained_factor,external_constraint_pressure=+0.25,1,fit_single_external_constraint_pressure_0.25,seed=1|t=12|n_bins=4|scenario_split=fit_external,external factor acted on production world; labels remain metadata
external_augmented|fit_external|fit_single_external_constraint_pressure_0.25|seed2|t12|n4,external_augmented,DistributionTerrainV322World,pseudo_reality/distribution_terrain_v3_2_2.py,fit_external,fit_single_external_constraint_pressure_0.25,single_sustained_factor,2,12,4,1024,1.0,1024,4.985170524176592,0.013942755513318344,0.24520843399494505,0.4940574541955434,0.5036909810575485,0.510956474231991,0.49955661353560654,0.5048890724891983,constraint_pressure,0.25,single_sustained_factor,external_constraint_pressure=+0.25,1,fit_single_external_constraint_pressure_0.25,seed=2|t=12|n_bins=4|scenario_split=fit_external,external factor acted on production world; labels remain metadata
external_augmented|fit_external|fit_single_external_constraint_pressure_0.50|seed0|t12|n4,external_augmented,DistributionTerrainV322World,pseudo_reality/distribution_terrain_v3_2_2.py,fit_external,fit_single_external_constraint_pressure_0.50,single_sustained_factor,0,12,4,1024,1.0,1024,4.989279222990991,0.013924909138086174,0.2458892754867643,0.4929087417418234,0.5044312567305236,0.5099260853871803,0.49960591913326713,0.5053201835812305,constraint_pressure,0.5,single_sustained_factor,external_constraint_pressure=+0.50,1,fit_single_external_constraint_pressure_0.50,seed=0|t=12|n_bins=4|scenario_split=fit_external,external factor acted on production world; labels remain metadata
external_augmented|fit_external|fit_single_external_constraint_pressure_0.50|seed1|t12|n4,external_augmented,DistributionTerrainV322World,pseudo_reality/distribution_terrain_v3_2_2.py,fit_external,fit_single_external_constraint_pressure_0.50,single_sustained_factor,1,12,4,1024,1.0,1024,4.9842151452235095,0.013959427975794709,0.245073229726389,0.4941330101386661,0.5040176687426449,0.510367069391888,0.49971793160912503,0.5058986571486397,constraint_pressure,0.5,single_sustained_factor,external_constraint_pressure=+0.50,1,fit_single_external_constraint_pressure_0.50,seed=1|t=12|n_bins=4|scenario_split=fit_external,external factor acted on production world; labels remain metadata
external_augmented|fit_external|fit_single_external_constraint_pressure_0.50|seed2|t12|n4,external_augmented,DistributionTerrainV322World,pseudo_reality/distribution_terrain_v3_2_2.py,fit_external,fit_single_external_constraint_pressure_0.50,single_sustained_factor,2,12,4,1024,1.0,1024,4.984556745975326,0.013950408205162608,0.245155411501284,0.4941469838985066,0.5036339799749416,0.5108132125979865,0.4995610492663147,0.5051352939802107,constraint_pressure,0.5,single_sustained_factor,external_constraint_pressure=+0.50,1,fit_single_external_constraint_pressure_0.50,seed=2|t=12|n_bins=4|scenario_split=fit_external,external factor acted on production world; labels remain metadata
external_augmented|fit_external|fit_single_external_constraint_pressure_0.75|seed0|t12|n4,external_augmented,DistributionTerrainV322World,pseudo_reality/distribution_terrain_v3_2_2.py,fit_external,fit_single_external_constraint_pressure_0.75,single_sustained_factor,0,12,4,1024,1.0,1024,4.9886626665055,0.013932566324600673,0.24583619283246405,0.49299662430826086,0.5043753837497975,0.5097849077492342,0.4996103215678093,0.5055581981023045,constraint_pressure,0.75,single_sustained_factor,external_constraint_pressure=+0.75,1,fit_single_external_constraint_pressure_0.75,seed=0|t=12|n_bins=4|scenario_split=fit_external,external factor acted on production world; labels remain metadata
external_augmented|fit_external|fit_single_external_constraint_pressure_0.75|seed1|t12|n4,external_augmented,DistributionTerrainV322World,pseudo_reality/distribution_terrain_v3_2_2.py,fit_external,fit_single_external_constraint_pressure_0.75,single_sustained_factor,1,12,4,1024,1.0,1024,4.983591240667019,0.013967118863449118,0.24501911631980602,0.4942210532987016,0.5039618299579082,0.5102259865125975,0.4997225868615246,0.5061365860736486,constraint_pressure,0.75,single_sustained_factor,external_constraint_pressure=+0.75,1,fit_single_external_constraint_pressure_0.75,seed=1|t=12|n_bins=4|scenario_split=fit_external,external factor acted on production world; labels remain metadata
external_augmented|fit_external|fit_single_external_constraint_pressure_0.75|seed2|t12|n4,external_augmented,DistributionTerrainV322World,pseudo_reality/distribution_terrain_v3_2_2.py,fit_external,fit_single_external_constraint_pressure_0.75,single_sustained_factor,2,12,4,1024,1.0,1024,4.983938086579717,0.013958084863393103,0.24510216892188919,0.4942350170723105,0.5035779405871488,0.5106722747493075,0.49956541977438007,0.5053733868144302,constraint_pressure,0.75,single_sustained_factor,external_constraint_pressure=+0.75,1,fit_single_external_constraint_pressure_0.75,seed=2|t=12|n_bins=4|scenario_split=fit_external,external factor acted on production world; labels remain metadata
external_augmented|fit_external|fit_single_external_constraint_pressure_1.00|seed0|t12|n4,external_augmented,DistributionTerrainV322World,pseudo_reality/distribution_terrain_v3_2_2.py,fit_external,fit_single_external_constraint_pressure_1.00,single_sustained_factor,0,12,4,1024,1.0,1024,4.988041789060349,0.013940245980953107,0.2457829566934573,0.49308316459658874,0.504320338480506,0.5096459390469528,0.4996146624064781,0.5057882034904808,constraint_pressure,1.0,single_sustained_factor,external_constraint_pressure=+1.00,1,fit_single_external_constraint_pressure_1.00,seed=0|t=12|n_bins=4|scenario_split=fit_external,external factor acted on production world; labels remain metadata
external_augmented|fit_external|fit_single_external_constraint_pressure_1.00|seed1|t12|n4,external_augmented,DistributionTerrainV322World,pseudo_reality/distribution_terrain_v3_2_2.py,fit_external,fit_single_external_constraint_pressure_1.00,single_sustained_factor,1,12,4,1024,1.0,1024,4.982963278972198,0.013974831932759016,0.24496487107692144,0.4943077240249609,0.5039068467293485,0.5100871095335437,0.49972712646638806,0.5063665317597269,constraint_pressure,1.0,single_sustained_factor,external_constraint_pressure=+1.00,1,fit_single_external_constraint_pressure_1.00,seed=1|t=12|n_bins=4|scenario_split=fit_external,external factor acted on production world; labels remain metadata
external_augmented|fit_external|fit_single_external_constraint_pressure_1.00|seed2|t12|n4,external_augmented,DistributionTerrainV322World,pseudo_reality/distribution_terrain_v3_2_2.py,fit_external,fit_single_external_constraint_pressure_1.00,single_sustained_factor,2,12,4,1024,1.0,1024,4.983315077517592,0.013965783913257028,0.24504875000973045,0.4943217209915344,0.5035227230205217,0.5105335453122909,0.4995697870591603,0.5056034633010996,constraint_pressure,1.0,single_sustained_factor,external_constraint_pressure=+1.00,1,fit_single_external_constraint_pressure_1.00,seed=2|t=12|n_bins=4|scenario_split=fit_external,external factor acted on production world; labels remain metadata
external_augmented|fit_external|fit_pulse_external_shock_t4|seed0|t12|n4,external_augmented,DistributionTerrainV322World,pseudo_reality/distribution_terrain_v3_2_2.py,fit_external,fit_pulse_external_shock_t4,pulse_factor,0,12,4,1024,1.0,1024,4.990497213799709,0.013909668202102108,0.2459947496005378,0.49272852200867767,0.50454586166893,0.5102154600001181,0.4995968568144669,0.5048195127409529,shock,1.0,pulse_factor,external_shock,1,fit_pulse_external_shock_t4,seed=0|t=12|n_bins=4|scenario_split=fit_external,external factor acted on production world; labels remain metadata
external_augmented|fit_external|fit_pulse_external_shock_t4|seed1|t12|n4,external_augmented,DistributionTerrainV322World,pseudo_reality/distribution_terrain_v3_2_2.py,fit_external,fit_pulse_external_shock_t4,pulse_factor,1,12,4,1024,1.0,1024,4.985449000400995,0.013944118917513269,0.24518074370092152,0.4939523535395099,0.5041323376601157,0.5106563022898523,0.4997084254816734,0.5053983091015515,shock,1.0,pulse_factor,external_shock,1,fit_pulse_external_shock_t4,seed=1|t=12|n_bins=4|scenario_split=fit_external,external factor acted on production world; labels remain metadata
external_augmented|fit_external|fit_pulse_external_shock_t4|seed2|t12|n4,external_augmented,DistributionTerrainV322World,pseudo_reality/distribution_terrain_v3_2_2.py,fit_external,fit_pulse_external_shock_t4,pulse_factor,2,12,4,1024,1.0,1024,4.985779091742397,0.01393512817557124,0.24526121229472705,0.49396638053558406,0.5037489648419498,0.5111020924553556,0.4995520764473192,0.5046344914254929,shock,1.0,pulse_factor,external_shock,1,fit_pulse_external_shock_t4,seed=2|t=12|n_bins=4|scenario_split=fit_external,external factor acted on production world; labels remain metadata
external_augmented|fit_external|fit_pulse_external_information_noise_t4|seed0|t12|n4,external_augmented,DistributionTerrainV322World,pseudo_reality/distribution_terrain_v3_2_2.py,fit_external,fit_pulse_external_information_noise_t4,pulse_factor,0,12,4,1024,1.0,1024,4.990497213799709,0.013909668202102108,0.2459947496005378,0.49272852200867767,0.50454586166893,0.5102154600001181,0.4995968568144669,0.5048195127409529,information_noise,1.0,pulse_factor,external_information_noise,1,fit_pulse_external_information_noise_t4,seed=0|t=12|n_bins=4|scenario_split=fit_external,external factor acted on production world; labels remain metadata
external_augmented|fit_external|fit_pulse_external_information_noise_t4|seed1|t12|n4,external_augmented,DistributionTerrainV322World,pseudo_reality/distribution_terrain_v3_2_2.py,fit_external,fit_pulse_external_information_noise_t4,pulse_factor,1,12,4,1024,1.0,1024,4.985449000400995,0.013944118917513269,0.24518074370092152,0.4939523535395099,0.5041323376601157,0.5106563022898523,0.4997084254816734,0.5053983091015515,information_noise,1.0,pulse_factor,external_information_noise,1,fit_pulse_external_information_noise_t4,seed=1|t=12|n_bins=4|scenario_split=fit_external,external factor acted on production world; labels remain metadata
external_augmented|fit_external|fit_pulse_external_information_noise_t4|seed2|t12|n4,external_augmented,DistributionTerrainV322World,pseudo_reality/distribution_terrain_v3_2_2.py,fit_external,fit_pulse_external_information_noise_t4,pulse_factor,2,12,4,1024,1.0,1024,4.985779091742397,0.01393512817557124,0.24526121229472705,0.49396638053558406,0.5037489648419498,0.5111020924553556,0.4995520764473192,0.5046344914254929,information_noise,1.0,pulse_factor,external_information_noise,1,fit_pulse_external_information_noise_t4,seed=2|t=12|n_bins=4|scenario_split=fit_external,external factor acted on production world; labels remain metadata
external_augmented|fit_external|fit_pulse_external_constraint_pressure_t4|seed0|t12|n4,external_augmented,DistributionTerrainV322World,pseudo_reality/distribution_terrain_v3_2_2.py,fit_external,fit_pulse_external_constraint_pressure_t4,pulse_factor,0,12,4,1024,1.0,1024,4.990497213799709,0.013909668202102108,0.2459947496005378,0.49272852200867767,0.50454586166893,0.5102154600001181,0.4995968568144669,0.5048195127409529,constraint_pressure,1.0,pulse_factor,external_constraint_pressure,1,fit_pulse_external_constraint_pressure_t4,seed=0|t=12|n_bins=4|scenario_split=fit_external,external factor acted on production world; labels remain metadata
external_augmented|fit_external|fit_pulse_external_constraint_pressure_t4|seed1|t12|n4,external_augmented,DistributionTerrainV322World,pseudo_reality/distribution_terrain_v3_2_2.py,fit_external,fit_pulse_external_constraint_pressure_t4,pulse_factor,1,12,4,1024,1.0,1024,4.985449000400995,0.013944118917513269,0.24518074370092152,0.4939523535395099,0.5041323376601157,0.5106563022898523,0.4997084254816734,0.5053983091015515,constraint_pressure,1.0,pulse_factor,external_constraint_pressure,1,fit_pulse_external_constraint_pressure_t4,seed=1|t=12|n_bins=4|scenario_split=fit_external,external factor acted on production world; labels remain metadata
external_augmented|fit_external|fit_pulse_external_constraint_pressure_t4|seed2|t12|n4,external_augmented,DistributionTerrainV322World,pseudo_reality/distribution_terrain_v3_2_2.py,fit_external,fit_pulse_external_constraint_pressure_t4,pulse_factor,2,12,4,1024,1.0,1024,4.985779091742397,0.01393512817557124,0.24526121229472705,0.49396638053558406,0.5037489648419498,0.5111020924553556,0.4995520764473192,0.5046344914254929,constraint_pressure,1.0,pulse_factor,external_constraint_pressure,1,fit_pulse_external_constraint_pressure_t4,seed=2|t=12|n_bins=4|scenario_split=fit_external,external factor acted on production world; labels remain metadata
external_augmented|fit_external|fit_reversal_resource_supply|seed0|t12|n4,external_augmented,DistributionTerrainV322World,pseudo_reality/distribution_terrain_v3_2_2.py,fit_external,fit_reversal_resource_supply,reversal_factor,0,12,4,1024,1.0,1024,4.9903370324073695,0.013911792824089437,0.24597671844207603,0.4932282099134867,0.5046040095958555,0.5103610360626715,0.4995919027164679,0.5048896792098958,resource_supply,1.0,reversal_factor,external_resource_supply=+1.00,1,fit_reversal_resource_supply,seed=0|t=12|n_bins=4|scenario_split=fit_external,external factor acted on production world; labels remain metadata
external_augmented|fit_external|fit_reversal_resource_supply|seed1|t12|n4,external_augmented,DistributionTerrainV322World,pseudo_reality/distribution_terrain_v3_2_2.py,fit_external,fit_reversal_resource_supply,reversal_factor,1,12,4,1024,1.0,1024,4.985279016719167,0.013946243551276511,0.24516264884990455,0.494452486673703,0.5041906200556047,0.5108021633475222,0.49970337921370905,0.5054683040709946,resource_supply,1.0,reversal_factor,external_resource_supply=+1.00,1,fit_reversal_resource_supply,seed=1|t=12|n_bins=4|scenario_split=fit_external,external factor acted on production world; labels remain metadata
external_augmented|fit_external|fit_reversal_resource_supply|seed2|t12|n4,external_augmented,DistributionTerrainV322World,pseudo_reality/distribution_terrain_v3_2_2.py,fit_external,fit_reversal_resource_supply,reversal_factor,2,12,4,1024,1.0,1024,4.985603742135891,0.013937257757684314,0.2452425764706046,0.49446685751578434,0.5038073372688587,0.5112478527713751,0.49954721605597957,0.5047048422561251,resource_supply,1.0,reversal_factor,external_resource_supply=+1.00,1,fit_reversal_resource_supply,seed=2|t=12|n_bins=4|scenario_split=fit_external,external factor acted on production world; labels remain metadata
external_augmented|fit_external|fit_reversal_demand|seed0|t12|n4,external_augmented,DistributionTerrainV322World,pseudo_reality/distribution_terrain_v3_2_2.py,fit_external,fit_reversal_demand,reversal_factor,0,12,4,1024,1.0,1024,4.990563395832167,0.013908499184057458,0.24600453595486865,0.49277269974949767,0.5045178833910194,0.5104292767434206,0.4995993213352182,0.5047858055712955,demand,1.0,reversal_factor,external_demand=+1.00,1,fit_reversal_demand,seed=0|t=12|n_bins=4|scenario_split=fit_external,external factor acted on production world; labels remain metadata
external_augmented|fit_external|fit_reversal_demand|seed1|t12|n4,external_augmented,DistributionTerrainV322World,pseudo_reality/distribution_terrain_v3_2_2.py,fit_external,fit_reversal_demand,reversal_factor,1,12,4,1024,1.0,1024,4.985516381192142,0.013942942063247567,0.24519056529935768,0.49399665003809906,0.5041043645838377,0.5108702963108909,0.4997109010304094,0.505364633983627,demand,1.0,reversal_factor,external_demand=+1.00,1,fit_reversal_demand,seed=1|t=12|n_bins=4|scenario_split=fit_external,external factor acted on production world; labels remain metadata
external_augmented|fit_external|fit_reversal_demand|seed2|t12|n4,external_augmented,DistributionTerrainV322World,pseudo_reality/distribution_terrain_v3_2_2.py,fit_external,fit_reversal_demand,reversal_factor,2,12,4,1024,1.0,1024,4.985842443070328,0.013933955713959658,0.24527059345161212,0.4940106568443338,0.5037210174785021,0.5113158225664717,0.4995545620423265,0.5046008154967578,demand,1.0,reversal_factor,external_demand=+1.00,1,fit_reversal_demand,seed=2|t=12|n_bins=4|scenario_split=fit_external,external factor acted on production world; labels remain metadata
external_augmented|fit_external|fit_competition_plus_noise|seed0|t12|n4,external_augmented,DistributionTerrainV322World,pseudo_reality/distribution_terrain_v3_2_2.py,fit_external,fit_competition_plus_noise,compound_pressure,0,12,4,1024,1.0,1024,4.989808709588274,0.01391793988520736,0.2459506414348906,0.49306381339890537,0.5052648571122842,0.5104413141839659,0.4997586710245867,0.5045614233291003,competition_pressure+information_noise,0.75,compound_pressure,external_competition_pressure=+0.75+external_information_noise=+0.75,2,fit_competition_plus_noise,seed=0|t=12|n_bins=4|scenario_split=fit_external,external factor acted on production world; labels remain metadata
external_augmented|fit_external|fit_competition_plus_noise|seed1|t12|n4,external_augmented,DistributionTerrainV322World,pseudo_reality/distribution_terrain_v3_2_2.py,fit_external,fit_competition_plus_noise,compound_pressure,1,12,4,1024,1.0,1024,4.9847681935236725,0.013952413403806114,0.24513574028020294,0.4942892916567841,0.504852459639356,0.5108824833455607,0.4998714228072062,0.5051412068052253,competition_pressure+information_noise,0.75,compound_pressure,external_competition_pressure=+0.75+external_information_noise=+0.75,2,fit_competition_plus_noise,seed=1|t=12|n_bins=4|scenario_split=fit_external,external factor acted on production world; labels remain metadata
external_augmented|fit_external|fit_competition_plus_noise|seed2|t12|n4,external_augmented,DistributionTerrainV322World,pseudo_reality/distribution_terrain_v3_2_2.py,fit_external,fit_competition_plus_noise,compound_pressure,2,12,4,1024,1.0,1024,4.985092843966116,0.013943397415639852,0.24521666676984966,0.4943024568541805,0.5044687226382725,0.5113281673289654,0.49971411334463345,0.5043764030581231,competition_pressure+information_noise,0.75,compound_pressure,external_competition_pressure=+0.75+external_information_noise=+0.75,2,fit_competition_plus_noise,seed=2|t=12|n_bins=4|scenario_split=fit_external,external factor acted on production world; labels remain metadata
external_augmented|fit_external|fit_shock_plus_constraint|seed0|t12|n4,external_augmented,DistributionTerrainV322World,pseudo_reality/distribution_terrain_v3_2_2.py,fit_external,fit_shock_plus_constraint,compound_pressure,0,12,4,1024,1.0,1024,4.9834025513827775,0.01399797262362576,0.24536992395848733,0.4932913225569051,0.5041864419850847,0.5093067887433746,0.49962344769463807,0.5052873308004919,constraint_pressure+shock,0.75,compound_pressure,external_constraint_pressure=+0.75+external_shock=+0.75,2,fit_shock_plus_constraint,seed=0|t=12|n_bins=4|scenario_split=fit_external,external factor acted on production world; labels remain metadata
external_augmented|fit_external|fit_shock_plus_constraint|seed1|t12|n4,external_augmented,DistributionTerrainV322World,pseudo_reality/distribution_terrain_v3_2_2.py,fit_external,fit_shock_plus_constraint,compound_pressure,1,12,4,1024,1.0,1024,4.978327510727669,0.0140327059651261,0.2445504075987487,0.49451688380157255,0.5037733936748673,0.5097479709485079,0.4997364924331173,0.5058670557426074,constraint_pressure+shock,0.75,compound_pressure,external_constraint_pressure=+0.75+external_shock=+0.75,2,fit_shock_plus_constraint,seed=1|t=12|n_bins=4|scenario_split=fit_external,external factor acted on production world; labels remain metadata
external_augmented|fit_external|fit_shock_plus_constraint|seed2|t12|n4,external_augmented,DistributionTerrainV322World,pseudo_reality/distribution_terrain_v3_2_2.py,fit_external,fit_shock_plus_constraint,compound_pressure,2,12,4,1024,1.0,1024,4.978677738436286,0.014023612397395807,0.24463502615983412,0.4945304387825513,0.5033884510579933,0.5101950759355829,0.49957889233298286,0.5051028497870501,constraint_pressure+shock,0.75,compound_pressure,external_constraint_pressure=+0.75+external_shock=+0.75,2,fit_shock_plus_constraint,seed=2|t=12|n_bins=4|scenario_split=fit_external,external factor acted on production world; labels remain metadata
external_augmented|fit_external|fit_scarcity_plus_demand|seed0|t12|n4,external_augmented,DistributionTerrainV322World,pseudo_reality/distribution_terrain_v3_2_2.py,fit_external,fit_scarcity_plus_demand,compound_pressure,0,12,4,1024,1.0,1024,4.9897045273003755,0.013919376934964051,0.2459250495889453,0.4930733486328372,0.5045302607423234,0.5103901085989477,0.49959727300001466,0.5048008537352022,demand+resource_supply,0.75,compound_pressure,external_demand=+0.75+external_resource_supply=-0.75,2,fit_scarcity_plus_demand,seed=0|t=12|n_bins=4|scenario_split=fit_external,external factor acted on production world; labels remain metadata
external_augmented|fit_external|fit_scarcity_plus_demand|seed1|t12|n4,external_augmented,DistributionTerrainV322World,pseudo_reality/distribution_terrain_v3_2_2.py,fit_external,fit_scarcity_plus_demand,compound_pressure,1,12,4,1024,1.0,1024,4.984649475945428,0.01395384582235161,0.24511040043209262,0.4942978894689144,0.5041169180662427,0.5108312957348435,0.4997091865138015,0.5053798920052183,demand+resource_supply,0.75,compound_pressure,external_demand=+0.75+external_resource_supply=-0.75,2,fit_scarcity_plus_demand,seed=1|t=12|n_bins=4|scenario_split=fit_external,external factor acted on production world; labels remain metadata
external_augmented|fit_external|fit_scarcity_plus_demand|seed2|t12|n4,external_augmented,DistributionTerrainV322World,pseudo_reality/distribution_terrain_v3_2_2.py,fit_external,fit_scarcity_plus_demand,compound_pressure,2,12,4,1024,1.0,1024,4.984975033222053,0.013944855037532337,0.24519097406252616,0.4943116049297588,0.5037334166008742,0.5112770431630125,0.4995525397481694,0.5046160435875755,demand+resource_supply,0.75,compound_pressure,external_demand=+0.75+external_resource_supply=-0.75,2,fit_scarcity_plus_demand,seed=2|t=12|n_bins=4|scenario_split=fit_external,external factor acted on production world; labels remain metadata
external_augmented|holdout_external|holdout_unseen_intensity_competition|seed10|t12|n4,external_augmented,DistributionTerrainV322World,pseudo_reality/distribution_terrain_v3_2_2.py,holdout_external,holdout_unseen_intensity_competition,unseen_factor_intensity,10,12,4,1024,1.0,1024,4.983891440854615,0.013950812495860686,0.24513880754278838,0.4933731776839723,0.5041779781017414,0.5105601386657665,0.49967794782046,0.5044691347212054,competition_pressure,0.6,unseen_factor_intensity,external_competition_pressure=+0.60,1,holdout_unseen_intensity_competition,seed=10|t=12|n_bins=4|scenario_split=holdout_external,external factor acted on production world; labels remain metadata
external_augmented|holdout_external|holdout_unseen_intensity_competition|seed11|t12|n4,external_augmented,DistributionTerrainV322World,pseudo_reality/distribution_terrain_v3_2_2.py,holdout_external,holdout_unseen_intensity_competition,unseen_factor_intensity,11,12,4,1024,1.0,1024,4.977564466920359,0.013994597380040153,0.24428278536717407,0.49382320676629027,0.5045293557244692,0.5107224084803621,0.49979574200642873,0.505107263242913,competition_pressure,0.6,unseen_factor_intensity,external_competition_pressure=+0.60,1,holdout_unseen_intensity_competition,seed=11|t=12|n_bins=4|scenario_split=holdout_external,external factor acted on production world; labels remain metadata
external_augmented|holdout_external|holdout_unseen_intensity_noise|seed10|t12|n4,external_augmented,DistributionTerrainV322World,pseudo_reality/distribution_terrain_v3_2_2.py,holdout_external,holdout_unseen_intensity_noise,unseen_factor_intensity,10,12,4,1024,1.0,1024,4.982116423497745,0.01397393695162268,0.24497694514805246,0.49354151672904734,0.5048321724615149,0.5099042346543011,0.49942109360352416,0.5043412068965945,information_noise,0.6,unseen_factor_intensity,external_information_noise=+0.60,1,holdout_unseen_intensity_noise,seed=10|t=12|n_bins=4|scenario_split=holdout_external,external factor acted on production world; labels remain metadata
external_augmented|holdout_external|holdout_unseen_intensity_noise|seed11|t12|n4,external_augmented,DistributionTerrainV322World,pseudo_reality/distribution_terrain_v3_2_2.py,holdout_external,holdout_unseen_intensity_noise,unseen_factor_intensity,11,12,4,1024,1.0,1024,4.975805416696449,0.014017739472812298,0.24412088234905657,0.49399251494556673,0.505184563102911,0.5100667389014087,0.4995384682964128,0.5049791341184402,information_noise,0.6,unseen_factor_intensity,external_information_noise=+0.60,1,holdout_unseen_intensity_noise,seed=11|t=12|n_bins=4|scenario_split=holdout_external,external factor acted on production world; labels remain metadata
external_augmented|holdout_external|holdout_stronger_shock|seed10|t12|n4,external_augmented,DistributionTerrainV322World,pseudo_reality/distribution_terrain_v3_2_2.py,holdout_external,holdout_stronger_shock,stronger_shock,10,12,4,1024,1.0,1024,4.975016470393325,0.014062065898388126,0.24434475019095667,0.4938976576952476,0.50384304113601,0.509202007189994,0.49950802633881886,0.5046679449545255,constraint_pressure+shock,1.0,stronger_shock,external_constraint_pressure=+0.50+external_shock=+1.00,2,holdout_stronger_shock,seed=10|t=12|n_bins=4|scenario_split=holdout_external,external factor acted on production world; labels remain metadata
external_augmented|holdout_external|holdout_stronger_shock|seed11|t12|n4,external_augmented,DistributionTerrainV322World,pseudo_reality/distribution_terrain_v3_2_2.py,holdout_external,holdout_stronger_shock,stronger_shock,11,12,4,1024,1.0,1024,4.968666014728694,0.014106174269823649,0.2434867211469797,0.494348725066081,0.5041957277867134,0.5093641526071326,0.4996260231284615,0.5053060895021073,constraint_pressure+shock,1.0,stronger_shock,external_constraint_pressure=+0.50+external_shock=+1.00,2,holdout_stronger_shock,seed=11|t=12|n_bins=4|scenario_split=holdout_external,external factor acted on production world; labels remain metadata
external_augmented|holdout_external|holdout_long_sustained_constraint|seed10|t20|n4,external_augmented,DistributionTerrainV322World,pseudo_reality/distribution_terrain_v3_2_2.py,holdout_external,holdout_long_sustained_constraint,longer_sustained_factor,10,20,4,1024,1.0,1024,4.981423243878336,0.013982279873937183,0.2449142224254845,0.4935891079265061,0.5040411877423958,0.5097030228987965,0.499494241223526,0.50524884381693,constraint_pressure,0.75,longer_sustained_factor,external_constraint_pressure=+0.75,1,holdout_long_sustained_constraint,seed=10|t=20|n_bins=4|scenario_split=holdout_external,external factor acted on production world; labels remain metadata
external_augmented|holdout_external|holdout_long_sustained_constraint|seed11|t20|n4,external_augmented,DistributionTerrainV322World,pseudo_reality/distribution_terrain_v3_2_2.py,holdout_external,holdout_long_sustained_constraint,longer_sustained_factor,11,20,4,1024,1.0,1024,4.975090865823768,0.014026137434673593,0.244057974948312,0.4940396258349343,0.5043929471878638,0.509865496858988,0.49961203974434704,0.5058870960902278,constraint_pressure,0.75,longer_sustained_factor,external_constraint_pressure=+0.75,1,holdout_long_sustained_constraint,seed=11|t=20|n_bins=4|scenario_split=holdout_external,external factor acted on production world; labels remain metadata
external_augmented|holdout_external|holdout_delayed_reversal_resource|seed10|t12|n4,external_augmented,DistributionTerrainV322World,pseudo_reality/distribution_terrain_v3_2_2.py,holdout_external,holdout_delayed_reversal_resource,different_reversal_timing,10,12,4,1024,1.0,1024,4.983092745543548,0.013961404084345846,0.24505627069981784,0.4938208242449896,0.5042701972549055,0.5102796336609687,0.49947579438490375,0.5045803726884167,resource_supply,1.0,different_reversal_timing,external_resource_supply=+1.00,1,holdout_delayed_reversal_resource,seed=10|t=12|n_bins=4|scenario_split=holdout_external,external factor acted on production world; labels remain metadata
external_augmented|holdout_external|holdout_delayed_reversal_resource|seed11|t12|n4,external_augmented,DistributionTerrainV322World,pseudo_reality/distribution_terrain_v3_2_2.py,holdout_external,holdout_delayed_reversal_resource,different_reversal_timing,11,12,4,1024,1.0,1024,4.976774874030921,0.014005190434348953,0.24420052280814658,0.49427153452486783,0.5046215285703,0.5104421953081755,0.499592975864109,0.5052183354215956,resource_supply,1.0,different_reversal_timing,external_resource_supply=+1.00,1,holdout_delayed_reversal_resource,seed=11|t=12|n_bins=4|scenario_split=holdout_external,external factor acted on production world; labels remain metadata
external_augmented|holdout_external|holdout_late_pulse_shock|seed10|t12|n4,external_augmented,DistributionTerrainV322World,pseudo_reality/distribution_terrain_v3_2_2.py,holdout_external,holdout_late_pulse_shock,different_pulse_timing,10,12,4,1024,1.0,1024,4.983273436984948,0.013959252430645101,0.24507447396802823,0.4933204295324602,0.5042120415298317,0.5101335124017792,0.49948069509438253,0.5045100454585871,shock,1.0,different_pulse_timing,external_shock,1,holdout_late_pulse_shock,seed=10|t=12|n_bins=4|scenario_split=holdout_external,external factor acted on production world; labels remain metadata
external_augmented|holdout_external|holdout_late_pulse_shock|seed11|t12|n4,external_augmented,DistributionTerrainV322World,pseudo_reality/distribution_terrain_v3_2_2.py,holdout_external,holdout_late_pulse_shock,different_pulse_timing,11,12,4,1024,1.0,1024,4.976949142833206,0.014003029639241694,0.24421913112836852,0.4937707691444474,0.5045632421830929,0.5102961590863807,0.4995979838856468,0.505148027639404,shock,1.0,different_pulse_timing,external_shock,1,holdout_late_pulse_shock,seed=11|t=12|n_bins=4|scenario_split=holdout_external,external factor acted on production world; labels remain metadata
external_augmented|holdout_external|holdout_compound_unseen|seed10|t12|n4,external_augmented,DistributionTerrainV322World,pseudo_reality/distribution_terrain_v3_2_2.py,holdout_external,holdout_compound_unseen,unseen_compound_combination,10,12,4,1024,1.0,1024,4.980466852639704,0.013994485293496254,0.24483321122483417,0.493764292947986,0.5045412634308948,0.5095227805943865,0.4994461485793408,0.5050885607019422,constraint_pressure+information_noise,0.75,unseen_compound_combination,external_constraint_pressure=+0.75+external_information_noise=+0.50,2,holdout_compound_unseen,seed=10|t=12|n_bins=4|scenario_split=holdout_external,external factor acted on production world; labels remain metadata
external_augmented|holdout_external|holdout_compound_unseen|seed11|t12|n4,external_augmented,DistributionTerrainV322World,pseudo_reality/distribution_terrain_v3_2_2.py,holdout_external,holdout_compound_unseen,unseen_compound_combination,11,12,4,1024,1.0,1024,4.974145645032127,0.014038364248361013,0.24397654313052708,0.4942153578528139,0.5048939187037242,0.5096851107340039,0.49956393935641924,0.5057267083071575,constraint_pressure+information_noise,0.75,unseen_compound_combination,external_constraint_pressure=+0.75+external_information_noise=+0.50,2,holdout_compound_unseen,seed=11|t=12|n_bins=4|scenario_split=holdout_external,external factor acted on production world; labels remain metadata
