candidate_name,candidate_role,dataset,external_factor_name,scenario_id,snapshot_count,external_score_displacement_mean,external_residual_gain_mean,out_of_envelope_rate,residual_factor_signal_ratio_mean
sqrt_static_pca_10_external_envelope,focus_candidate,fit_external,external_competition_pressure,fit_single_external_competition_pressure_0.25,39,0.03109671534561917,-0.048156474181773275,0.0,-1.4294788476357443
sqrt_static_pca_10_external_envelope,focus_candidate,fit_external,external_competition_pressure,fit_single_external_competition_pressure_0.50,39,0.0561677772934395,-0.06244319441965741,0.0,-1.0262078114737523
sqrt_static_pca_10_external_envelope,focus_candidate,fit_external,external_competition_pressure,fit_single_external_competition_pressure_0.75,39,0.0769128114528685,-0.06359191885664593,0.0,-0.7632038092976487
sqrt_static_pca_10_external_envelope,focus_candidate,fit_external,external_competition_pressure,fit_single_external_competition_pressure_1.00,39,0.09442669014379823,-0.06283318551836296,0.0,-0.6142306022217283
sqrt_static_pca_10_external_envelope,focus_candidate,fit_external,external_competition_pressure+external_information_noise,fit_competition_plus_noise,39,0.07393384464464149,0.01691296089277347,0.0,0.2112504734842775
sqrt_static_pca_10_external_envelope,focus_candidate,fit_external,external_constraint_pressure,fit_pulse_external_constraint_pressure_t4,39,0.015188757251998534,-0.0031646064540814807,0.0,-0.0160142590764623
sqrt_static_pca_10_external_envelope,focus_candidate,fit_external,external_constraint_pressure,fit_single_external_constraint_pressure_0.25,39,0.036030219489278856,-0.06589787111989999,0.0,-1.6882707491060427
sqrt_static_pca_10_external_envelope,focus_candidate,fit_external,external_constraint_pressure,fit_single_external_constraint_pressure_0.50,39,0.07780510181657624,-0.06330095582921597,0.0,-0.7509991904353939
sqrt_static_pca_10_external_envelope,focus_candidate,fit_external,external_constraint_pressure,fit_single_external_constraint_pressure_0.75,39,0.12625002180748082,-0.05270463057366742,0.0,-0.3853487924250859
sqrt_static_pca_10_external_envelope,focus_candidate,fit_external,external_constraint_pressure,fit_single_external_constraint_pressure_1.00,39,0.18226508702398242,-0.03797527744897793,0.0,-0.19232376458343353
sqrt_static_pca_10_external_envelope,focus_candidate,fit_external,external_demand,fit_reversal_demand,39,0.11986842567885225,-0.06127831107858503,0.0,-0.47188646301274956
sqrt_static_pca_10_external_envelope,focus_candidate,fit_external,external_demand,fit_single_external_demand_+0.50,39,0.06037185701795856,-0.05637367156732187,0.0,-0.861944180864592
sqrt_static_pca_10_external_envelope,focus_candidate,fit_external,external_demand,fit_single_external_demand_+1.00,39,0.11989852597051258,-0.06206791376697166,0.0,-0.47784850066947115
sqrt_static_pca_10_external_envelope,focus_candidate,fit_external,external_demand,fit_single_external_demand_-0.50,39,0.06035647397734351,-0.05562075192795511,0.0,-0.8506488986795708
sqrt_static_pca_10_external_envelope,focus_candidate,fit_external,external_demand,fit_single_external_demand_-1.00,39,0.11983832538719184,-0.060488708390198355,0.0,-0.4659244253560283
sqrt_static_pca_10_external_envelope,focus_candidate,fit_external,external_information_noise,fit_pulse_external_information_noise_t4,39,0.002725160973044992,0.05920706655634609,0.0,1.671753651341511
sqrt_static_pca_10_external_envelope,focus_candidate,fit_external,external_information_noise,fit_single_external_information_noise_0.25,39,0.009338906022488538,0.155997633522105,0.0,15.420873335693399
sqrt_static_pca_10_external_envelope,focus_candidate,fit_external,external_information_noise,fit_single_external_information_noise_0.50,39,0.01792535683245389,0.5261209420310357,0.0,27.096847471231513
sqrt_static_pca_10_external_envelope,focus_candidate,fit_external,external_information_noise,fit_single_external_information_noise_0.75,39,0.02588115035793011,0.6930706993665534,0.0,24.726594924505463
sqrt_static_pca_10_external_envelope,focus_candidate,fit_external,external_information_noise,fit_single_external_information_noise_1.00,39,0.03329485712203229,0.702957596575908,0.0,19.497067685682822
sqrt_static_pca_10_external_envelope,focus_candidate,fit_external,external_resource_supply,fit_reversal_resource_supply,39,0.11985792801597611,-0.06052042919353418,0.0,-0.4660921162436382
sqrt_static_pca_10_external_envelope,focus_candidate,fit_external,external_resource_supply,fit_single_external_resource_supply_+0.50,39,0.06035623020220545,-0.05548069134896936,0.0,-0.8485102740413328
sqrt_static_pca_10_external_envelope,focus_candidate,fit_external,external_resource_supply,fit_single_external_resource_supply_+1.00,39,0.11984048213224582,-0.06015217255002263,0.0,-0.4633238571272317
sqrt_static_pca_10_external_envelope,focus_candidate,fit_external,external_resource_supply,fit_single_external_resource_supply_-0.50,39,0.06036508331112707,-0.055255585525686296,0.0,-0.8449436102973064
sqrt_static_pca_10_external_envelope,focus_candidate,fit_external,external_resource_supply,fit_single_external_resource_supply_-1.00,39,0.1198753738997063,-0.06088868583704572,0.0,-0.46886037536004493
sqrt_static_pca_10_external_envelope,focus_candidate,fit_external,external_resource_supply+external_demand,fit_scarcity_plus_demand,39,0.12736945442117154,-0.06184115944645869,0.0,-0.4481766171571627
sqrt_static_pca_10_external_envelope,focus_candidate,fit_external,external_shock,fit_pulse_external_shock_t4,39,0.021178347611727554,-0.005316578193270713,0.0,-0.019297834777386946
sqrt_static_pca_10_external_envelope,focus_candidate,fit_external,external_shock,fit_single_external_shock_0.25,39,0.10305651005791103,-0.05330136566419812,0.0,-0.4774191418897467
sqrt_static_pca_10_external_envelope,focus_candidate,fit_external,external_shock,fit_single_external_shock_0.50,39,0.1690772696844209,-0.06376015641235289,0.0,-0.3480973439667064
sqrt_static_pca_10_external_envelope,focus_candidate,fit_external,external_shock,fit_single_external_shock_0.75,39,0.21697449873587302,-0.06528740135680151,0.0,-0.27775182008096355
sqrt_static_pca_10_external_envelope,focus_candidate,fit_external,external_shock,fit_single_external_shock_1.00,39,0.2541401713407307,-0.0637989383192487,0.0,-0.23172667299452931
sqrt_static_pca_10_external_envelope,focus_candidate,fit_external,external_shock+external_constraint_pressure,fit_shock_plus_constraint,39,0.23132708778554467,-0.05170644253270947,0.0,-0.20632593176380332
sqrt_static_pca_10_external_envelope,focus_candidate,holdout_external,external_competition_pressure,holdout_unseen_intensity_competition,26,0.06491355812278934,-0.06338969775809303,0.0,-0.9014064173461749
sqrt_static_pca_10_external_envelope,focus_candidate,holdout_external,external_constraint_pressure,holdout_long_sustained_constraint,42,0.13025795900771836,-0.05437779344902196,0.0,-0.39758252798740007
sqrt_static_pca_10_external_envelope,focus_candidate,holdout_external,external_information_noise,holdout_unseen_intensity_noise,26,0.02110544106581613,0.6272255366710812,0.0,27.43814812602357
sqrt_static_pca_10_external_envelope,focus_candidate,holdout_external,external_information_noise+external_constraint_pressure,holdout_compound_unseen,26,0.08125202731041953,0.08175124330646989,0.0,0.9292018801725299
sqrt_static_pca_10_external_envelope,focus_candidate,holdout_external,external_resource_supply,holdout_delayed_reversal_resource,26,0.11984920507411093,-0.06033630087177841,0.0,-0.464707986685435
sqrt_static_pca_10_external_envelope,focus_candidate,holdout_external,external_shock,holdout_late_pulse_shock,26,0.021178347611727558,-0.0053165781932707126,0.0,-0.019297834777386946
sqrt_static_pca_10_external_envelope,focus_candidate,holdout_external,external_shock+external_constraint_pressure,holdout_stronger_shock,26,0.2636085751791914,-0.06017586919104394,0.0,-0.21071649406928283
sqrt_static_pca_12_external_envelope,higher_dimension_audit,fit_external,external_competition_pressure,fit_single_external_competition_pressure_0.25,39,0.03109874968497037,-0.04773065214900484,0.0,-1.4167471029695944
sqrt_static_pca_12_external_envelope,higher_dimension_audit,fit_external,external_competition_pressure,fit_single_external_competition_pressure_0.50,39,0.056171729621234685,-0.06194732227810258,0.0,-1.0179879456606375
sqrt_static_pca_12_external_envelope,higher_dimension_audit,fit_external,external_competition_pressure,fit_single_external_competition_pressure_0.75,39,0.07691854671065516,-0.06310952801390118,0.0,-0.7573589391261734
sqrt_static_pca_12_external_envelope,higher_dimension_audit,fit_external,external_competition_pressure,fit_single_external_competition_pressure_1.00,39,0.09443407389494266,-0.06236829712379533,0.0,-0.6096394387329664
sqrt_static_pca_12_external_envelope,higher_dimension_audit,fit_external,external_competition_pressure+external_information_noise,fit_competition_plus_noise,39,0.07394108555226832,0.017353610577632753,0.0,0.2167291683228702
sqrt_static_pca_12_external_envelope,higher_dimension_audit,fit_external,external_constraint_pressure,fit_pulse_external_constraint_pressure_t4,39,0.015192145468934314,-0.0031412220094924593,0.0,-0.015905091401524116
sqrt_static_pca_12_external_envelope,higher_dimension_audit,fit_external,external_constraint_pressure,fit_single_external_constraint_pressure_0.25,39,0.03603433298774797,-0.06540528751350204,0.0,-1.6754607771275447
sqrt_static_pca_12_external_envelope,higher_dimension_audit,fit_external,external_constraint_pressure,fit_single_external_constraint_pressure_0.50,39,0.0778161404901265,-0.0628426516742891,0.0,-0.7454571915303085
sqrt_static_pca_12_external_envelope,higher_dimension_audit,fit_external,external_constraint_pressure,fit_single_external_constraint_pressure_0.75,39,0.12627241789171145,-0.05232801256538334,0.0,-0.3825283592099108
sqrt_static_pca_12_external_envelope,higher_dimension_audit,fit_external,external_constraint_pressure,fit_single_external_constraint_pressure_1.00,39,0.18230574562721186,-0.03769466411390951,0.0,-0.1908610968182893
sqrt_static_pca_12_external_envelope,higher_dimension_audit,fit_external,external_demand,fit_reversal_demand,39,0.1198690711022931,-0.06081617049818138,0.0,-0.46832619415330984
sqrt_static_pca_12_external_envelope,higher_dimension_audit,fit_external,external_demand,fit_single_external_demand_+0.50,39,0.06037222593171706,-0.05595385641177671,0.0,-0.8555211078234606
sqrt_static_pca_12_external_envelope,higher_dimension_audit,fit_external,external_demand,fit_single_external_demand_+1.00,39,0.11989934607878006,-0.06159361203340563,0.0,-0.4741947619933868
sqrt_static_pca_12_external_envelope,higher_dimension_audit,fit_external,external_demand,fit_single_external_demand_-0.50,39,0.06035675427283435,-0.05524118057029195,0.0,-0.8448409726848494
sqrt_static_pca_12_external_envelope,higher_dimension_audit,fit_external,external_demand,fit_single_external_demand_-1.00,39,0.11983879612580602,-0.060038728962957054,0.0,-0.462457626313233
sqrt_static_pca_12_external_envelope,higher_dimension_audit,fit_external,external_information_noise,fit_pulse_external_information_noise_t4,39,0.002725960224090227,0.05917564987673291,0.0,1.6703696799050287
sqrt_static_pca_12_external_envelope,higher_dimension_audit,fit_external,external_information_noise,fit_single_external_information_noise_0.25,39,0.009341388232049767,0.15571480356054967,0.0,15.388634208773533
sqrt_static_pca_12_external_envelope,higher_dimension_audit,fit_external,external_information_noise,fit_single_external_information_noise_0.50,39,0.017930032479698283,0.5257411330518422,0.0,27.070039678198956
sqrt_static_pca_12_external_envelope,higher_dimension_audit,fit_external,external_information_noise,fit_single_external_information_noise_0.75,39,0.025887807999063563,0.6928345328580973,0.0,24.711681260470588
sqrt_static_pca_12_external_envelope,higher_dimension_audit,fit_external,external_information_noise,fit_single_external_information_noise_1.00,39,0.03330333215532362,0.7028570650306543,0.0,19.489224817162988
sqrt_static_pca_12_external_envelope,higher_dimension_audit,fit_external,external_resource_supply,fit_reversal_resource_supply,39,0.11986089974497463,-0.06007687697428455,0.0,-0.4626657485934318
sqrt_static_pca_12_external_envelope,higher_dimension_audit,fit_external,external_resource_supply,fit_single_external_resource_supply_+0.50,39,0.060357530222389655,-0.05514635549877879,0.0,-0.8433799057907094
sqrt_static_pca_12_external_envelope,higher_dimension_audit,fit_external,external_resource_supply,fit_single_external_resource_supply_+1.00,39,0.11984296081925279,-0.059736092049767264,0.0,-0.4601105285533018
sqrt_static_pca_12_external_envelope,higher_dimension_audit,fit_external,external_resource_supply,fit_single_external_resource_supply_-0.50,39,0.06036663934992205,-0.05481511124049842,0.0,-0.8381875281924889
sqrt_static_pca_12_external_envelope,higher_dimension_audit,fit_external,external_resource_supply,fit_single_external_resource_supply_-1.00,39,0.11987883867069647,-0.060417661898801836,0.0,-0.46522096863356155
sqrt_static_pca_12_external_envelope,higher_dimension_audit,fit_external,external_resource_supply+external_demand,fit_scarcity_plus_demand,39,0.1273713563619961,-0.061346135825839185,0.0,-0.4445834912822721
sqrt_static_pca_12_external_envelope,higher_dimension_audit,fit_external,external_shock,fit_pulse_external_shock_t4,39,0.021179006110675656,-0.005277890524815026,0.0,-0.019169529330617538
sqrt_static_pca_12_external_envelope,higher_dimension_audit,fit_external,external_shock,fit_single_external_shock_0.25,39,0.1030619629491472,-0.05282876389815765,0.0,-0.4731620806905279
sqrt_static_pca_12_external_envelope,higher_dimension_audit,fit_external,external_shock,fit_single_external_shock_0.50,39,0.16908399026946674,-0.06329588935633772,0.0,-0.3455500115495931
sqrt_static_pca_12_external_envelope,higher_dimension_audit,fit_external,external_shock,fit_single_external_shock_0.75,39,0.2169818790650139,-0.06482334527340411,0.0,-0.2757692686429267
sqrt_static_pca_12_external_envelope,higher_dimension_audit,fit_external,external_shock,fit_single_external_shock_1.00,39,0.25414807332810785,-0.06333468629778032,0.0,-0.23003435196741046
sqrt_static_pca_12_external_envelope,higher_dimension_audit,fit_external,external_shock+external_constraint_pressure,fit_shock_plus_constraint,39,0.2313487902342046,-0.051344826428706934,0.0,-0.20486480325982775
sqrt_static_pca_12_external_envelope,higher_dimension_audit,holdout_external,external_competition_pressure,holdout_unseen_intensity_competition,26,0.06491824005458123,-0.06289729896678271,0.0,-0.8943410226662473
sqrt_static_pca_12_external_envelope,higher_dimension_audit,holdout_external,external_constraint_pressure,holdout_long_sustained_constraint,42,0.13028106607874998,-0.05398921931349073,0.0,-0.3946721166451462
sqrt_static_pca_12_external_envelope,higher_dimension_audit,holdout_external,external_information_noise,holdout_unseen_intensity_noise,26,0.021113064117327766,0.627109387800463,0.0,27.423245376382656
sqrt_static_pca_12_external_envelope,higher_dimension_audit,holdout_external,external_information_noise+external_constraint_pressure,holdout_compound_unseen,26,0.08130490561168163,0.08187149425287031,0.0,0.9299678659244813
sqrt_static_pca_12_external_envelope,higher_dimension_audit,holdout_external,external_resource_supply,holdout_delayed_reversal_resource,26,0.11985193028211369,-0.05990648451202592,0.0,-0.4613881385733667
sqrt_static_pca_12_external_envelope,higher_dimension_audit,holdout_external,external_shock,holdout_late_pulse_shock,26,0.021179006110675656,-0.005277890524815026,0.0,-0.019169529330617538
sqrt_static_pca_12_external_envelope,higher_dimension_audit,holdout_external,external_shock+external_constraint_pressure,holdout_stronger_shock,26,0.26362298205718204,-0.05975077806857633,0.0,-0.209217587710278
sqrt_static_pca_15_external_envelope,extended_dimension_audit,fit_external,external_competition_pressure,fit_single_external_competition_pressure_0.25,39,0.03134151647482059,-0.0026647643795484556,0.0,-0.0784831999490112
sqrt_static_pca_15_external_envelope,extended_dimension_audit,fit_external,external_competition_pressure,fit_single_external_competition_pressure_0.50,39,0.056605538445952897,-0.005066302122658435,0.0,-0.08261712021742966
sqrt_static_pca_15_external_envelope,extended_dimension_audit,fit_external,external_competition_pressure,fit_single_external_competition_pressure_0.75,39,0.07750876996498861,-0.0053995552607601265,0.0,-0.064305043911001
sqrt_static_pca_15_external_envelope,extended_dimension_audit,fit_external,external_competition_pressure,fit_single_external_competition_pressure_1.00,39,0.09515595611252675,-0.005107888557645844,0.0,-0.04954996245989953
sqrt_static_pca_15_external_envelope,extended_dimension_audit,fit_external,external_competition_pressure+external_information_noise,fit_competition_plus_noise,39,0.07493824679131647,0.0728757980905783,0.0,0.8977549169217135
sqrt_static_pca_15_external_envelope,extended_dimension_audit,fit_external,external_constraint_pressure,fit_pulse_external_constraint_pressure_t4,39,0.01565173398220639,-0.0004611954230903417,0.0,-0.002266622410480574
sqrt_static_pca_15_external_envelope,extended_dimension_audit,fit_external,external_constraint_pressure,fit_single_external_constraint_pressure_0.25,39,0.03649725865684145,-0.003785312162122504,0.0,-0.0957368972927702
sqrt_static_pca_15_external_envelope,extended_dimension_audit,fit_external,external_constraint_pressure,fit_single_external_constraint_pressure_0.50,39,0.07914091519051875,-0.0049225622234430584,0.0,-0.0574153531069462
sqrt_static_pca_15_external_envelope,extended_dimension_audit,fit_external,external_constraint_pressure,fit_single_external_constraint_pressure_0.75,39,0.12913250885840485,-0.00556281378130308,0.0,-0.03976461910552386
sqrt_static_pca_15_external_envelope,extended_dimension_audit,fit_external,external_constraint_pressure,fit_single_external_constraint_pressure_1.00,39,0.18782080778647667,-0.005534345077084102,0.0,-0.027199468925766884
sqrt_static_pca_15_external_envelope,extended_dimension_audit,fit_external,external_demand,fit_reversal_demand,39,0.11992451905632495,-0.002326112005061192,0.0,-0.01790232042793006
sqrt_static_pca_15_external_envelope,extended_dimension_audit,fit_external,external_demand,fit_single_external_demand_+0.50,39,0.06039929879548053,-0.0048032312034327245,0.0,-0.07340734029222713
sqrt_static_pca_15_external_envelope,extended_dimension_audit,fit_external,external_demand,fit_single_external_demand_+1.00,39,0.11998703459608148,-0.0028534041505189392,0.0,-0.02195163446136173
sqrt_static_pca_15_external_envelope,extended_dimension_audit,fit_external,external_demand,fit_single_external_demand_-0.50,39,0.06036770860371389,-0.004983783632603882,0.0,-0.07620656419253419
sqrt_static_pca_15_external_envelope,extended_dimension_audit,fit_external,external_demand,fit_single_external_demand_-1.00,39,0.11986200351656845,-0.0017988198596034454,0.0,-0.013853006394498383
sqrt_static_pca_15_external_envelope,extended_dimension_audit,fit_external,external_information_noise,fit_pulse_external_information_noise_t4,39,0.002778274305531067,0.0640106484351718,0.0,1.772898749424329
sqrt_static_pca_15_external_envelope,extended_dimension_audit,fit_external,external_information_noise,fit_single_external_information_noise_0.25,39,0.009575306532881248,0.16297873391900564,0.0,15.712908598945072
sqrt_static_pca_15_external_envelope,extended_dimension_audit,fit_external,external_information_noise,fit_single_external_information_noise_0.50,39,0.018343610193112522,0.5606789005823527,0.0,28.218317513370295
sqrt_static_pca_15_external_envelope,extended_dimension_audit,fit_external,external_information_noise,fit_single_external_information_noise_0.75,39,0.02644369730707665,0.7455073216945243,0.0,26.031835360585198
sqrt_static_pca_15_external_envelope,extended_dimension_audit,fit_external,external_information_noise,fit_single_external_information_noise_1.00,39,0.03397435570882268,0.7608279104479231,0.0,20.680342373612845
sqrt_static_pca_15_external_envelope,extended_dimension_audit,fit_external,external_resource_supply,fit_reversal_resource_supply,39,0.11992366555953442,-0.002372308440516597,0.0,-0.01825907138730188
sqrt_static_pca_15_external_envelope,extended_dimension_audit,fit_external,external_resource_supply,fit_single_external_resource_supply_+0.50,39,0.06037080157121159,-0.005105509451816106,0.0,-0.07806386254394036
sqrt_static_pca_15_external_envelope,extended_dimension_audit,fit_external,external_resource_supply,fit_single_external_resource_supply_+1.00,39,0.11987386218056909,-0.002036364473236045,0.0,-0.015680824977395123
sqrt_static_pca_15_external_envelope,extended_dimension_audit,fit_external,external_resource_supply,fit_single_external_resource_supply_-0.50,39,0.0603958615439789,-0.004772249207998925,0.0,-0.07293799612193956
sqrt_static_pca_15_external_envelope,extended_dimension_audit,fit_external,external_resource_supply,fit_single_external_resource_supply_-1.00,39,0.11997346893849983,-0.0027082524077971493,0.0,-0.020837317797208633
sqrt_static_pca_15_external_envelope,extended_dimension_audit,fit_external,external_resource_supply+external_demand,fit_scarcity_plus_demand,39,0.1274335779053413,-0.002251691883577551,0.0,-0.016310338686040513
sqrt_static_pca_15_external_envelope,extended_dimension_audit,fit_external,external_shock,fit_pulse_external_shock_t4,39,0.021232765371605476,-0.0002887155063440442,0.0,-0.0010459723316628318
sqrt_static_pca_15_external_envelope,extended_dimension_audit,fit_external,external_shock,fit_single_external_shock_0.25,39,0.10386534503848893,0.004895399359580137,0.0,0.04350662077326609
sqrt_static_pca_15_external_envelope,extended_dimension_audit,fit_external,external_shock,fit_single_external_shock_0.50,39,0.16987799384022892,-0.004693860447317415,0.0,-0.025505329802383032
sqrt_static_pca_15_external_envelope,extended_dimension_audit,fit_external,external_shock,fit_single_external_shock_0.75,39,0.21769285264673927,-0.005357064010574572,0.0,-0.022715408905186987
sqrt_static_pca_15_external_envelope,extended_dimension_audit,fit_external,external_shock,fit_single_external_shock_1.00,39,0.25479318445926563,-0.0034645860761285305,0.0,-0.012551667979953982
sqrt_static_pca_15_external_envelope,extended_dimension_audit,fit_external,external_shock+external_constraint_pressure,fit_shock_plus_constraint,39,0.23393527509372597,-0.005013289557051395,0.0,-0.01978176184400838
sqrt_static_pca_15_external_envelope,extended_dimension_audit,holdout_external,external_competition_pressure,holdout_unseen_intensity_competition,26,0.06541810712750508,-0.0053232753004817035,0.0,-0.07511364667709908
sqrt_static_pca_15_external_envelope,extended_dimension_audit,holdout_external,external_constraint_pressure,holdout_long_sustained_constraint,42,0.13323195358406847,-0.005739411044201592,0.0,-0.04102698796601668
sqrt_static_pca_15_external_envelope,extended_dimension_audit,holdout_external,external_information_noise,holdout_unseen_intensity_noise,26,0.021613443039139466,0.6712760744460238,0.0,28.675187068795672
sqrt_static_pca_15_external_envelope,extended_dimension_audit,holdout_external,external_information_noise+external_constraint_pressure,holdout_compound_unseen,26,0.0886340604626584,0.08916626304703623,0.0,0.9287343773716453
sqrt_static_pca_15_external_envelope,extended_dimension_audit,holdout_external,external_resource_supply,holdout_delayed_reversal_resource,26,0.11989876387005174,-0.002204336456876321,0.0,-0.016969948182348496
sqrt_static_pca_15_external_envelope,extended_dimension_audit,holdout_external,external_shock,holdout_late_pulse_shock,26,0.021232765371605476,-0.0002887155063440442,0.0,-0.001045972331662832
sqrt_static_pca_15_external_envelope,extended_dimension_audit,holdout_external,external_shock+external_constraint_pressure,holdout_stronger_shock,26,0.26496080600595956,-0.0036882165695104044,0.0,-0.012849098906154491
raw_static_pca_10_external_envelope,numerical_reconstruction_baseline,fit_external,external_competition_pressure,fit_single_external_competition_pressure_0.25,39,0.001189394883466198,-0.02971170810287946,0.0,-23.05894521774475
raw_static_pca_10_external_envelope,numerical_reconstruction_baseline,fit_external,external_competition_pressure,fit_single_external_competition_pressure_0.50,39,0.00214091079127799,-0.03182529616655287,0.0,-13.721821310061328
raw_static_pca_10_external_envelope,numerical_reconstruction_baseline,fit_external,external_competition_pressure,fit_single_external_competition_pressure_0.75,39,0.0029194238074471933,-0.03041135186439103,0.0,-9.615601364799351
raw_static_pca_10_external_envelope,numerical_reconstruction_baseline,fit_external,external_competition_pressure,fit_single_external_competition_pressure_1.00,39,0.003568184654727057,-0.02927889014891784,0.0,-7.574346212550375
raw_static_pca_10_external_envelope,numerical_reconstruction_baseline,fit_external,external_competition_pressure+external_information_noise,fit_competition_plus_noise,39,0.002834703517913316,0.013384189236324251,0.0,4.359095490406601
raw_static_pca_10_external_envelope,numerical_reconstruction_baseline,fit_external,external_constraint_pressure,fit_pulse_external_constraint_pressure_t4,39,0.0008286410579097028,-0.0026626959242752593,0.0,-0.24717270993837312
raw_static_pca_10_external_envelope,numerical_reconstruction_baseline,fit_external,external_constraint_pressure,fit_single_external_constraint_pressure_0.25,39,0.0017241600219652074,-0.03203553510429743,0.0,-17.151112353946502
raw_static_pca_10_external_envelope,numerical_reconstruction_baseline,fit_external,external_constraint_pressure,fit_single_external_constraint_pressure_0.50,39,0.0038560222396522522,-0.034677786513425825,0.0,-8.301368723076598
raw_static_pca_10_external_envelope,numerical_reconstruction_baseline,fit_external,external_constraint_pressure,fit_single_external_constraint_pressure_0.75,39,0.006531942142210807,-0.03427585000592696,0.0,-4.843772645866106
raw_static_pca_10_external_envelope,numerical_reconstruction_baseline,fit_external,external_constraint_pressure,fit_single_external_constraint_pressure_1.00,39,0.009943692694916439,-0.03195235109130316,0.0,-2.96614884709342
raw_static_pca_10_external_envelope,numerical_reconstruction_baseline,fit_external,external_demand,fit_reversal_demand,39,0.0045818148687368195,-0.02409631486492802,0.0,-4.854547123078612
raw_static_pca_10_external_envelope,numerical_reconstruction_baseline,fit_external,external_demand,fit_single_external_demand_+0.50,39,0.0023103761455226346,-0.029242178319844624,0.0,-11.683283177360693
raw_static_pca_10_external_envelope,numerical_reconstruction_baseline,fit_external,external_demand,fit_single_external_demand_+1.00,39,0.004583646546605719,-0.024413649386767117,0.0,-4.916538324084316
raw_static_pca_10_external_envelope,numerical_reconstruction_baseline,fit_external,external_demand,fit_single_external_demand_-0.50,39,0.0023094438376629603,-0.029257208438272026,0.0,-11.6940071327556
raw_static_pca_10_external_envelope,numerical_reconstruction_baseline,fit_external,external_demand,fit_single_external_demand_-1.00,39,0.004579983190867921,-0.023778980343088917,0.0,-4.792555922072908
raw_static_pca_10_external_envelope,numerical_reconstruction_baseline,fit_external,external_information_noise,fit_pulse_external_information_noise_t4,39,9.820162561120218e-05,0.05663882237811578,0.0,44.380956832208916
raw_static_pca_10_external_envelope,numerical_reconstruction_baseline,fit_external,external_information_noise,fit_single_external_information_noise_0.25,39,0.0003236805207671341,0.10702784137222264,0.0,305.2253546345446
raw_static_pca_10_external_envelope,numerical_reconstruction_baseline,fit_external,external_information_noise,fit_single_external_information_noise_0.50,39,0.0006305994570093885,0.4285907837234513,0.0,627.396736118147
raw_static_pca_10_external_envelope,numerical_reconstruction_baseline,fit_external,external_information_noise,fit_single_external_information_noise_0.75,39,0.000922026027539509,0.6441663944851665,0.0,645.0570777129202
raw_static_pca_10_external_envelope,numerical_reconstruction_baseline,fit_external,external_information_noise,fit_single_external_information_noise_1.00,39,0.001199104453292722,0.6684874742649192,0.0,514.8179662379013
raw_static_pca_10_external_envelope,numerical_reconstruction_baseline,fit_external,external_resource_supply,fit_reversal_resource_supply,39,0.004581725514578716,-0.023139501699076907,0.0,-4.661892573799368
raw_static_pca_10_external_envelope,numerical_reconstruction_baseline,fit_external,external_resource_supply,fit_single_external_resource_supply_+0.50,39,0.0023094997901904725,-0.02876069532146535,0.0,-11.495274008221704
raw_static_pca_10_external_envelope,numerical_reconstruction_baseline,fit_external,external_resource_supply,fit_single_external_resource_supply_+1.00,39,0.004580002534807453,-0.023057533625324835,0.0,-4.647131652488324
raw_static_pca_10_external_envelope,numerical_reconstruction_baseline,fit_external,external_resource_supply,fit_single_external_resource_supply_-0.50,39,0.0023103749856013787,-0.02810928300278121,0.0,-11.230657097927182
raw_static_pca_10_external_envelope,numerical_reconstruction_baseline,fit_external,external_resource_supply,fit_single_external_resource_supply_-1.00,39,0.004583448494349975,-0.023221469772828983,0.0,-4.676653495110412
raw_static_pca_10_external_envelope,numerical_reconstruction_baseline,fit_external,external_resource_supply+external_demand,fit_scarcity_plus_demand,39,0.004885845945882096,-0.025996717065725435,0.0,-4.911527554707695
raw_static_pca_10_external_envelope,numerical_reconstruction_baseline,fit_external,external_shock,fit_pulse_external_shock_t4,39,0.0008454555054923637,-0.002569998261924821,0.0,-0.23382278245887497
raw_static_pca_10_external_envelope,numerical_reconstruction_baseline,fit_external,external_shock,fit_single_external_shock_0.25,39,0.004068621079799333,-0.03208411052471003,0.0,-7.279149193367105
raw_static_pca_10_external_envelope,numerical_reconstruction_baseline,fit_external,external_shock,fit_single_external_shock_0.50,39,0.006773294731448161,-0.03138554452846792,0.0,-4.277278548443838
raw_static_pca_10_external_envelope,numerical_reconstruction_baseline,fit_external,external_shock,fit_single_external_shock_0.75,39,0.008701427164319613,-0.031032052353122123,0.0,-3.2919848913817464
raw_static_pca_10_external_envelope,numerical_reconstruction_baseline,fit_external,external_shock,fit_single_external_shock_1.00,39,0.01014546606590837,-0.03083997914309791,0.0,-2.8059497173394425
raw_static_pca_10_external_envelope,numerical_reconstruction_baseline,fit_external,external_shock+external_constraint_pressure,fit_shock_plus_constraint,39,0.009012052977092875,-0.024589350064777707,0.0,-2.5186111139900604
raw_static_pca_10_external_envelope,numerical_reconstruction_baseline,holdout_external,external_competition_pressure,holdout_unseen_intensity_competition,26,0.0024702816826587515,-0.031266481821632566,0.0,-11.683431375222604
raw_static_pca_10_external_envelope,numerical_reconstruction_baseline,holdout_external,external_constraint_pressure,holdout_long_sustained_constraint,42,0.006739305384820672,-0.03536397222833732,0.0,-4.997543426334677
raw_static_pca_10_external_envelope,numerical_reconstruction_baseline,holdout_external,external_information_noise,holdout_unseen_intensity_noise,26,0.0007447106826534665,0.5476623503572348,0.0,678.9314873079716
raw_static_pca_10_external_envelope,numerical_reconstruction_baseline,holdout_external,external_information_noise+external_constraint_pressure,holdout_compound_unseen,26,0.00498673796451335,-0.012420742002410874,0.0,-2.299008183224987
raw_static_pca_10_external_envelope,numerical_reconstruction_baseline,holdout_external,external_resource_supply,holdout_delayed_reversal_resource,26,0.004580864024693085,-0.02309851766220087,0.0,-4.654512113143848
raw_static_pca_10_external_envelope,numerical_reconstruction_baseline,holdout_external,external_shock,holdout_late_pulse_shock,26,0.0008454555054923638,-0.00256999826192482,0.0,-0.23382278245887497
raw_static_pca_10_external_envelope,numerical_reconstruction_baseline,holdout_external,external_shock+external_constraint_pressure,holdout_stronger_shock,26,0.010388395889403827,-0.028335381986449616,0.0,-2.5177834914838724
sqrt_sparse_temporal_lag_pca_10_external_envelope,temporal_audit_candidate,fit_external,external_competition_pressure,fit_single_external_competition_pressure_0.25,39,0.031098416104521593,-0.047249262739086674,0.0,-1.4025047096578127
sqrt_sparse_temporal_lag_pca_10_external_envelope,temporal_audit_candidate,fit_external,external_competition_pressure,fit_single_external_competition_pressure_0.50,39,0.0561708262441716,-0.06122163111224259,0.0,-1.0061023894867194
sqrt_sparse_temporal_lag_pca_10_external_envelope,temporal_audit_candidate,fit_external,external_competition_pressure,fit_single_external_competition_pressure_0.75,39,0.07691695759317932,-0.062329337335605556,0.0,-0.7480296866932351
sqrt_sparse_temporal_lag_pca_10_external_envelope,temporal_audit_candidate,fit_external,external_competition_pressure,fit_single_external_competition_pressure_1.00,39,0.09443174789668764,-0.06157001457350706,0.0,-0.6018661827492147
sqrt_sparse_temporal_lag_pca_10_external_envelope,temporal_audit_candidate,fit_external,external_competition_pressure+external_information_noise,fit_competition_plus_noise,39,0.07393896822879469,0.02798035451214255,0.0,0.34943398831155553
sqrt_sparse_temporal_lag_pca_10_external_envelope,temporal_audit_candidate,fit_external,external_constraint_pressure,fit_pulse_external_constraint_pressure_t4,39,0.015361631304777813,0.04388510489467266,0.0,35.142865399970425
sqrt_sparse_temporal_lag_pca_10_external_envelope,temporal_audit_candidate,fit_external,external_constraint_pressure,fit_single_external_constraint_pressure_0.25,39,0.03603483155581292,-0.06481886266588988,0.0,-1.6605304853209337
sqrt_sparse_temporal_lag_pca_10_external_envelope,temporal_audit_candidate,fit_external,external_constraint_pressure,fit_single_external_constraint_pressure_0.50,39,0.07781417545279865,-0.061549290835262664,0.0,-0.7302169182468037
sqrt_sparse_temporal_lag_pca_10_external_envelope,temporal_audit_candidate,fit_external,external_constraint_pressure,fit_single_external_constraint_pressure_0.75,39,0.1262630097926534,-0.050670121112215236,0.0,-0.37049488558989024
sqrt_sparse_temporal_lag_pca_10_external_envelope,temporal_audit_candidate,fit_external,external_constraint_pressure,fit_single_external_constraint_pressure_1.00,39,0.18228080393442625,-0.035847799474491814,0.0,-0.18157597404745074
sqrt_sparse_temporal_lag_pca_10_external_envelope,temporal_audit_candidate,fit_external,external_demand,fit_reversal_demand,39,0.11991472336942992,-0.05631371444233658,0.0,-0.43360241144340667
sqrt_sparse_temporal_lag_pca_10_external_envelope,temporal_audit_candidate,fit_external,external_demand,fit_single_external_demand_+0.50,39,0.060374441327173796,-0.05533968515479621,0.0,-0.846125348394013
sqrt_sparse_temporal_lag_pca_10_external_envelope,temporal_audit_candidate,fit_external,external_demand,fit_single_external_demand_+1.00,39,0.11990366089280247,-0.060901194409561016,0.0,-0.46886213798317955
sqrt_sparse_temporal_lag_pca_10_external_envelope,temporal_audit_candidate,fit_external,external_demand,fit_single_external_demand_-0.50,39,0.06035906381458781,-0.054720103829581146,0.0,-0.8368613963631544
sqrt_sparse_temporal_lag_pca_10_external_envelope,temporal_audit_candidate,fit_external,external_demand,fit_single_external_demand_-1.00,39,0.11984348239664609,-0.05941445252118694,0.0,-0.45764473573427966
sqrt_sparse_temporal_lag_pca_10_external_envelope,temporal_audit_candidate,fit_external,external_information_noise,fit_pulse_external_information_noise_t4,39,0.002769842513411779,0.07291094424234758,0.0,37.36891345188849
sqrt_sparse_temporal_lag_pca_10_external_envelope,temporal_audit_candidate,fit_external,external_information_noise,fit_single_external_information_noise_0.25,39,0.009342541043303848,0.17323803442124983,0.0,17.118136826338354
sqrt_sparse_temporal_lag_pca_10_external_envelope,temporal_audit_candidate,fit_external,external_information_noise,fit_single_external_information_noise_0.50,39,0.017932168145749747,0.5518981748534583,0.0,28.413946035902665
sqrt_sparse_temporal_lag_pca_10_external_envelope,temporal_audit_candidate,fit_external,external_information_noise,fit_single_external_information_noise_0.75,39,0.02589077869967692,0.7091424074100429,0.0,25.2908087520001
sqrt_sparse_temporal_lag_pca_10_external_envelope,temporal_audit_candidate,fit_external,external_information_noise,fit_single_external_information_noise_1.00,39,0.0333070106864051,0.7180275238889774,0.0,19.907788344761453
sqrt_sparse_temporal_lag_pca_10_external_envelope,temporal_audit_candidate,fit_external,external_resource_supply,fit_reversal_resource_supply,39,0.11990386720881975,-0.055290362135263324,0.0,-0.42577973420393495
sqrt_sparse_temporal_lag_pca_10_external_envelope,temporal_audit_candidate,fit_external,external_resource_supply,fit_single_external_resource_supply_+0.50,39,0.06035884916335032,-0.05459397007288061,0.0,-0.834935793818704
sqrt_sparse_temporal_lag_pca_10_external_envelope,temporal_audit_candidate,fit_external,external_resource_supply,fit_single_external_resource_supply_+1.00,39,0.1198456743821673,-0.05908762296856837,0.0,-0.4551191539946056
sqrt_sparse_temporal_lag_pca_10_external_envelope,temporal_audit_candidate,fit_external,external_resource_supply,fit_single_external_resource_supply_-0.50,39,0.06036769624245414,-0.054209700793869824,0.0,-0.8289406258233845
sqrt_sparse_temporal_lag_pca_10_external_envelope,temporal_audit_candidate,fit_external,external_resource_supply,fit_single_external_resource_supply_-1.00,39,0.11988054186379579,-0.05971654360728202,0.0,-0.45983048522782044
sqrt_sparse_temporal_lag_pca_10_external_envelope,temporal_audit_candidate,fit_external,external_resource_supply+external_demand,fit_scarcity_plus_demand,39,0.12737543375388968,-0.060653323929989233,0.0,-0.439562380222263
sqrt_sparse_temporal_lag_pca_10_external_envelope,temporal_audit_candidate,fit_external,external_shock,fit_pulse_external_shock_t4,39,0.02143530328057559,0.055697641278056285,0.0,27.658599314563546
sqrt_sparse_temporal_lag_pca_10_external_envelope,temporal_audit_candidate,fit_external,external_shock,fit_single_external_shock_0.25,39,0.10308243273559495,-0.04574243796442869,0.0,-0.4099388814646326
sqrt_sparse_temporal_lag_pca_10_external_envelope,temporal_audit_candidate,fit_external,external_shock,fit_single_external_shock_0.50,39,0.1691146135463034,-0.05815841043203511,0.0,-0.31758208910249197
sqrt_sparse_temporal_lag_pca_10_external_envelope,temporal_audit_candidate,fit_external,external_shock,fit_single_external_shock_0.75,39,0.21701808351502896,-0.0604722192753575,0.0,-0.25730216756405283
sqrt_sparse_temporal_lag_pca_10_external_envelope,temporal_audit_candidate,fit_external,external_shock,fit_single_external_shock_1.00,39,0.2541874684435111,-0.059469355884988376,0.0,-0.2160250017187351
sqrt_sparse_temporal_lag_pca_10_external_envelope,temporal_audit_candidate,fit_external,external_shock+external_constraint_pressure,fit_shock_plus_constraint,39,0.23137830954747352,-0.04665608717888244,0.0,-0.18622070040304842
sqrt_sparse_temporal_lag_pca_10_external_envelope,temporal_audit_candidate,holdout_external,external_competition_pressure,holdout_unseen_intensity_competition,26,0.06491707180190134,-0.06214135831320516,0.0,-0.8836302588635353
sqrt_sparse_temporal_lag_pca_10_external_envelope,temporal_audit_candidate,holdout_external,external_constraint_pressure,holdout_long_sustained_constraint,42,0.13024883668860646,-0.05295389757264878,0.0,-0.3872376333122104
sqrt_sparse_temporal_lag_pca_10_external_envelope,temporal_audit_candidate,holdout_external,external_information_noise,holdout_unseen_intensity_noise,26,0.021113506259918237,0.6475785229660608,0.0,28.31845336628694
sqrt_sparse_temporal_lag_pca_10_external_envelope,temporal_audit_candidate,holdout_external,external_information_noise+external_constraint_pressure,holdout_compound_unseen,26,0.08124590824744339,0.09268640743944198,0.0,1.0535803046825185
sqrt_sparse_temporal_lag_pca_10_external_envelope,temporal_audit_candidate,holdout_external,external_resource_supply,holdout_delayed_reversal_resource,26,0.11989512778974867,-0.055114175382555544,0.0,-0.42445761216033184
sqrt_sparse_temporal_lag_pca_10_external_envelope,temporal_audit_candidate,holdout_external,external_shock,holdout_late_pulse_shock,26,0.021435303280575586,0.05569764127805627,0.0,27.658587571820007
sqrt_sparse_temporal_lag_pca_10_external_envelope,temporal_audit_candidate,holdout_external,external_shock+external_constraint_pressure,holdout_stronger_shock,26,0.2636597183925482,-0.05575358988951951,0.0,-0.1952582733731543
