seed,scenario,t,candidate_axis_id,candidate_rank,entity_id,ot_id,axis_type,generated_from,source_signal_strength,confidence,ambiguity,noise_risk,topology_break_risk_prior,pre_sandbox_score,candidate_status,sandbox_required,verified_by_sandbox,passed_to_action_projection,unverified_candidate_can_pass,uses_gk_summary,uses_ot_exploration_view,uses_residual_noise_log,uses_shadow_parameter_state,exploration_generates_pressure,exploration_updates_parameter_box,exploration_writes_world,exploration_writes_gk,exploration_writes_ot,expected_effect,evidence_basis,exploration_contract,loop_step,run_seed,run_scenario,exploration_candidate_id,action_channel,target_need,graph_object_id,v8_requested,v8_confidence,v8_conflict,v8_unresolved,v8_support_contract,zero_source_audit_row,local_audit_role,local_audit_stage,local_audit_contract,v8_support_status,source_rows_audited,source_fingerprint,v8_is_gk_generator,v8_is_upper_formal_input,v8_generates_pressure,v8_updates_parameter_box,v8_calls_actionmodule,v8_writes_world,v8_writes_gk,v8_writes_ot,v8_writes_canonical_parameter,local_audit_writeback_performed,local_audit_passed,exploration_candidate_local_audit,exploration_projection_created_by_local_audit,exploration_action_created_by_local_audit,sidecar_compression_by_local_audit
1805,relation_lock,0,EXP_t0_E009_01_d61eb6,1,E009,OT_GO_E009,residual_gap_axis,residual_noise_ledger,0.496697,0.663275,0.447143,0.452845,0.595367,0.56745,ready_for_sandbox,True,False,False,False,True,True,True,True,False,False,False,False,False,candidate-only: test whether a local exploration axis could reduce residual/unresolved tension without breaking topology,O_t exploration view + retained noise ledger; entity=E009; signal=0.497; noise=0.453; topology=0.595,Task7_exploration_candidate_generation__candidate_only_no_pressure_no_action_no_parameter_update__RC1,0,1805,relation_lock,EXP_t0_E009_01_d61eb6,exploration_probe,0.56745,GO_E009,True,0.3285016523338516,0.39723603936213087,0.5626873895790284,local_support_only__not_upper_formal_input__noncompressed_RC1,False,exploration_v8_audit,v8_local_support_audit,Task8_v8_local_audit_only__not_GK_generator__not_upper_formal_input__no_writeback__RC1,pass,6,6aa4a0f4ea82be1d,False,False,False,False,False,False,False,False,False,False,True,True,False,False,False
1805,relation_lock,0,EXP_t0_E021_02_ec5d14,2,E021,OT_GO_E021,residual_gap_axis,residual_noise_ledger,0.487863,0.651371,0.437042,0.496907,0.637929,0.552963,ready_for_sandbox,True,False,False,False,True,True,True,True,False,False,False,False,False,candidate-only: test whether a local exploration axis could reduce residual/unresolved tension without breaking topology,O_t exploration view + retained noise ledger; entity=E021; signal=0.488; noise=0.497; topology=0.638,Task7_exploration_candidate_generation__candidate_only_no_pressure_no_action_no_parameter_update__RC1,0,1805,relation_lock,EXP_t0_E021_02_ec5d14,exploration_probe,0.552963,GO_E021,True,0.3200194528232778,0.48827195077092583,0.5896064249094659,local_support_only__not_upper_formal_input__noncompressed_RC1,False,exploration_v8_audit,v8_local_support_audit,Task8_v8_local_audit_only__not_GK_generator__not_upper_formal_input__no_writeback__RC1,pass,6,6aa4a0f4ea82be1d,False,False,False,False,False,False,False,False,False,False,True,True,False,False,False
1805,relation_lock,0,EXP_t0_E010_03_b2aab8,3,E010,OT_GO_E010,residual_gap_axis,residual_noise_ledger,0.465923,0.651904,0.411305,0.455846,0.618159,0.535296,ready_for_sandbox,True,False,False,False,True,True,True,True,False,False,False,False,False,candidate-only: test whether a local exploration axis could reduce residual/unresolved tension without breaking topology,O_t exploration view + retained noise ledger; entity=E010; signal=0.466; noise=0.456; topology=0.618,Task7_exploration_candidate_generation__candidate_only_no_pressure_no_action_no_parameter_update__RC1,0,1805,relation_lock,EXP_t0_E010_03_b2aab8,exploration_probe,0.535296,GO_E010,True,0.3357048696743154,0.45317223234318416,0.5425305229856138,local_support_only__not_upper_formal_input__noncompressed_RC1,False,exploration_v8_audit,v8_local_support_audit,Task8_v8_local_audit_only__not_GK_generator__not_upper_formal_input__no_writeback__RC1,pass,6,6aa4a0f4ea82be1d,False,False,False,False,False,False,False,False,False,False,True,True,False,False,False
1805,relation_lock,0,EXP_t0_E020_04_21b685,4,E020,OT_GO_E020,residual_gap_axis,residual_noise_ledger,0.464022,0.645781,0.413532,0.483133,0.607535,0.531743,ready_for_sandbox,True,False,False,False,True,True,True,True,False,False,False,False,False,candidate-only: test whether a local exploration axis could reduce residual/unresolved tension without breaking topology,O_t exploration view + retained noise ledger; entity=E020; signal=0.464; noise=0.483; topology=0.608,Task7_exploration_candidate_generation__candidate_only_no_pressure_no_action_no_parameter_update__RC1,0,1805,relation_lock,EXP_t0_E020_04_21b685,exploration_probe,0.531743,GO_E020,True,0.33507367138530414,0.4594418235989117,0.5896962545389459,local_support_only__not_upper_formal_input__noncompressed_RC1,False,exploration_v8_audit,v8_local_support_audit,Task8_v8_local_audit_only__not_GK_generator__not_upper_formal_input__no_writeback__RC1,pass,6,6aa4a0f4ea82be1d,False,False,False,False,False,False,False,False,False,False,True,True,False,False,False
1805,relation_lock,0,EXP_t0_E007_05_d18f85,5,E007,OT_GO_E007,residual_gap_axis,residual_noise_ledger,0.456607,0.650726,0.397354,0.445431,0.628383,0.526302,ready_for_sandbox,True,False,False,False,True,True,True,True,False,False,False,False,False,candidate-only: test whether a local exploration axis could reduce residual/unresolved tension without breaking topology,O_t exploration view + retained noise ledger; entity=E007; signal=0.457; noise=0.445; topology=0.628,Task7_exploration_candidate_generation__candidate_only_no_pressure_no_action_no_parameter_update__RC1,0,1805,relation_lock,EXP_t0_E007_05_d18f85,exploration_probe,0.526302,GO_E007,True,0.3400200160844005,0.4556551314117911,0.536911233772066,local_support_only__not_upper_formal_input__noncompressed_RC1,False,exploration_v8_audit,v8_local_support_audit,Task8_v8_local_audit_only__not_GK_generator__not_upper_formal_input__no_writeback__RC1,pass,6,6aa4a0f4ea82be1d,False,False,False,False,False,False,False,False,False,False,True,True,False,False,False
1805,relation_lock,0,EXP_t0_E011_06_7562de,6,E011,OT_GO_E011,residual_gap_axis,residual_noise_ledger,0.449969,0.652229,0.391941,0.4263,0.568558,0.524186,ready_for_sandbox,True,False,False,False,True,True,True,True,False,False,False,False,False,candidate-only: test whether a local exploration axis could reduce residual/unresolved tension without breaking topology,O_t exploration view + retained noise ledger; entity=E011; signal=0.450; noise=0.426; topology=0.569,Task7_exploration_candidate_generation__candidate_only_no_pressure_no_action_no_parameter_update__RC1,0,1805,relation_lock,EXP_t0_E011_06_7562de,exploration_probe,0.524186,GO_E011,True,0.3756616955923323,0.3646213033582782,0.5509621804096071,local_support_only__not_upper_formal_input__noncompressed_RC1,False,exploration_v8_audit,v8_local_support_audit,Task8_v8_local_audit_only__not_GK_generator__not_upper_formal_input__no_writeback__RC1,pass,6,6aa4a0f4ea82be1d,False,False,False,False,False,False,False,False,False,False,True,True,False,False,False
1805,relation_lock,1,EXP_t1_E021_01_39b12e,1,E021,OT_GO_E021,residual_gap_axis,residual_noise_ledger,0.51244,0.653745,0.460447,0.528045,0.665365,0.574489,ready_for_sandbox,True,False,False,False,True,True,True,True,False,False,False,False,False,candidate-only: test whether a local exploration axis could reduce residual/unresolved tension without breaking topology,O_t exploration view + retained noise ledger; entity=E021; signal=0.512; noise=0.528; topology=0.665,Task7_exploration_candidate_generation__candidate_only_no_pressure_no_action_no_parameter_update__RC1,1,1805,relation_lock,EXP_t1_E021_01_39b12e,exploration_probe,0.574489,GO_E021,True,0.30922734533829777,0.5215814453655571,0.617620693661289,local_support_only__not_upper_formal_input__noncompressed_RC1,False,exploration_v8_audit,v8_local_support_audit,Task8_v8_local_audit_only__not_GK_generator__not_upper_formal_input__no_writeback__RC1,pass,6,307eff8ed99ac923,False,False,False,False,False,False,False,False,False,False,True,True,False,False,False
1805,relation_lock,1,EXP_t1_E011_02_cd7239,2,E011,OT_GO_E011,residual_gap_axis,residual_noise_ledger,0.494331,0.663292,0.439986,0.448618,0.570867,0.567459,ready_for_sandbox,True,False,False,False,True,True,True,True,False,False,False,False,False,candidate-only: test whether a local exploration axis could reduce residual/unresolved tension without breaking topology,O_t exploration view + retained noise ledger; entity=E011; signal=0.494; noise=0.449; topology=0.571,Task7_exploration_candidate_generation__candidate_only_no_pressure_no_action_no_parameter_update__RC1,1,1805,relation_lock,EXP_t1_E011_02_cd7239,exploration_probe,0.567459,GO_E011,True,0.3509734437612774,0.35249965732646893,0.5845621946236838,local_support_only__not_upper_formal_input__noncompressed_RC1,False,exploration_v8_audit,v8_local_support_audit,Task8_v8_local_audit_only__not_GK_generator__not_upper_formal_input__no_writeback__RC1,pass,6,307eff8ed99ac923,False,False,False,False,False,False,False,False,False,False,True,True,False,False,False
1805,relation_lock,1,EXP_t1_E009_03_c49cbc,3,E009,OT_GO_E009,residual_gap_axis,residual_noise_ledger,0.484459,0.660259,0.423514,0.446505,0.634513,0.554574,ready_for_sandbox,True,False,False,False,True,True,True,True,False,False,False,False,False,candidate-only: test whether a local exploration axis could reduce residual/unresolved tension without breaking topology,O_t exploration view + retained noise ledger; entity=E009; signal=0.484; noise=0.447; topology=0.635,Task7_exploration_candidate_generation__candidate_only_no_pressure_no_action_no_parameter_update__RC1,1,1805,relation_lock,EXP_t1_E009_03_c49cbc,exploration_probe,0.554574,GO_E009,True,0.3340773580079765,0.4407112996107563,0.5369609600609059,local_support_only__not_upper_formal_input__noncompressed_RC1,False,exploration_v8_audit,v8_local_support_audit,Task8_v8_local_audit_only__not_GK_generator__not_upper_formal_input__no_writeback__RC1,pass,6,307eff8ed99ac923,False,False,False,False,False,False,False,False,False,False,True,True,False,False,False
1805,relation_lock,1,EXP_t1_E017_04_53c136,4,E017,OT_GO_E017,residual_gap_axis,residual_noise_ledger,0.460894,0.656599,0.404532,0.423568,0.566512,0.536244,ready_for_sandbox,True,False,False,False,True,True,True,True,False,False,False,False,False,candidate-only: test whether a local exploration axis could reduce residual/unresolved tension without breaking topology,O_t exploration view + retained noise ledger; entity=E017; signal=0.461; noise=0.424; topology=0.567,Task7_exploration_candidate_generation__candidate_only_no_pressure_no_action_no_parameter_update__RC1,1,1805,relation_lock,EXP_t1_E017_04_53c136,exploration_probe,0.536244,GO_E017,True,0.3637246366354524,0.358379528519549,0.5461425546968356,local_support_only__not_upper_formal_input__noncompressed_RC1,False,exploration_v8_audit,v8_local_support_audit,Task8_v8_local_audit_only__not_GK_generator__not_upper_formal_input__no_writeback__RC1,pass,6,307eff8ed99ac923,False,False,False,False,False,False,False,False,False,False,True,True,False,False,False
1805,relation_lock,1,EXP_t1_E014_05_766129,5,E014,OT_GO_E014,residual_gap_axis,residual_noise_ledger,0.4613,0.650004,0.382927,0.457257,0.625894,0.530986,ready_for_sandbox,True,False,False,False,True,True,True,True,False,False,False,False,False,candidate-only: test whether a local exploration axis could reduce residual/unresolved tension without breaking topology,O_t exploration view + retained noise ledger; entity=E014; signal=0.461; noise=0.457; topology=0.626,Task7_exploration_candidate_generation__candidate_only_no_pressure_no_action_no_parameter_update__RC1,1,1805,relation_lock,EXP_t1_E014_05_766129,exploration_probe,0.530986,GO_E014,True,0.4098431655603233,0.41337686392659106,0.5731436097877761,local_support_only__not_upper_formal_input__noncompressed_RC1,False,exploration_v8_audit,v8_local_support_audit,Task8_v8_local_audit_only__not_GK_generator__not_upper_formal_input__no_writeback__RC1,pass,6,307eff8ed99ac923,False,False,False,False,False,False,False,False,False,False,True,True,False,False,False
1805,relation_lock,1,EXP_t1_E004_06_e40961,6,E004,OT_GO_E004,residual_gap_axis,residual_noise_ledger,0.455379,0.649001,0.391854,0.451911,0.536237,0.529976,ready_for_sandbox,True,False,False,False,True,True,True,True,False,False,False,False,False,candidate-only: test whether a local exploration axis could reduce residual/unresolved tension without breaking topology,O_t exploration view + retained noise ledger; entity=E004; signal=0.455; noise=0.452; topology=0.536,Task7_exploration_candidate_generation__candidate_only_no_pressure_no_action_no_parameter_update__RC1,1,1805,relation_lock,EXP_t1_E004_06_e40961,exploration_probe,0.529976,GO_E004,True,0.395299083284268,0.338790486285883,0.5934061813394512,local_support_only__not_upper_formal_input__noncompressed_RC1,False,exploration_v8_audit,v8_local_support_audit,Task8_v8_local_audit_only__not_GK_generator__not_upper_formal_input__no_writeback__RC1,pass,6,307eff8ed99ac923,False,False,False,False,False,False,False,False,False,False,True,True,False,False,False
1805,relation_lock,2,EXP_t2_E011_01_6f7292,1,E011,OT_GO_E011,residual_gap_axis,residual_noise_ledger,0.517601,0.672318,0.465505,0.44421,0.559255,0.591243,ready_for_sandbox,True,False,False,False,True,True,True,True,False,False,False,False,False,candidate-only: test whether a local exploration axis could reduce residual/unresolved tension without breaking topology,O_t exploration view + retained noise ledger; entity=E011; signal=0.518; noise=0.444; topology=0.559,Task7_exploration_candidate_generation__candidate_only_no_pressure_no_action_no_parameter_update__RC1,2,1805,relation_lock,EXP_t2_E011_01_6f7292,exploration_probe,0.591243,GO_E011,True,0.3567273094020487,0.3154514669636732,0.5832901961070357,local_support_only__not_upper_formal_input__noncompressed_RC1,False,exploration_v8_audit,v8_local_support_audit,Task8_v8_local_audit_only__not_GK_generator__not_upper_formal_input__no_writeback__RC1,pass,6,d9030893d51084c8,False,False,False,False,False,False,False,False,False,False,True,True,False,False,False
1805,relation_lock,2,EXP_t2_E004_02_2a647e,2,E004,OT_GO_E004,residual_gap_axis,residual_noise_ledger,0.510676,0.663851,0.452637,0.47443,0.523201,0.583703,ready_for_sandbox,True,False,False,False,True,True,True,True,False,False,False,False,False,candidate-only: test whether a local exploration axis could reduce residual/unresolved tension without breaking topology,O_t exploration view + retained noise ledger; entity=E004; signal=0.511; noise=0.474; topology=0.523,Task7_exploration_candidate_generation__candidate_only_no_pressure_no_action_no_parameter_update__RC1,2,1805,relation_lock,EXP_t2_E004_02_2a647e,exploration_probe,0.583703,GO_E004,True,0.37770825912388,0.3001570648385259,0.6305928330694998,local_support_only__not_upper_formal_input__noncompressed_RC1,False,exploration_v8_audit,v8_local_support_audit,Task8_v8_local_audit_only__not_GK_generator__not_upper_formal_input__no_writeback__RC1,pass,6,d9030893d51084c8,False,False,False,False,False,False,False,False,False,False,True,True,False,False,False
1805,relation_lock,2,EXP_t2_E021_03_52b589,3,E021,OT_GO_E021,residual_gap_axis,residual_noise_ledger,0.511001,0.652829,0.465345,0.530107,0.665562,0.572455,ready_for_sandbox,True,False,False,False,True,True,True,True,False,False,False,False,False,candidate-only: test whether a local exploration axis could reduce residual/unresolved tension without breaking topology,O_t exploration view + retained noise ledger; entity=E021; signal=0.511; noise=0.530; topology=0.666,Task7_exploration_candidate_generation__candidate_only_no_pressure_no_action_no_parameter_update__RC1,2,1805,relation_lock,EXP_t2_E021_03_52b589,exploration_probe,0.572455,GO_E021,True,0.2909271124255635,0.537287744237751,0.6136428161022135,local_support_only__not_upper_formal_input__noncompressed_RC1,False,exploration_v8_audit,v8_local_support_audit,Task8_v8_local_audit_only__not_GK_generator__not_upper_formal_input__no_writeback__RC1,pass,6,d9030893d51084c8,False,False,False,False,False,False,False,False,False,False,True,True,False,False,False
1805,relation_lock,2,EXP_t2_E009_04_539439,4,E009,OT_GO_E009,residual_gap_axis,residual_noise_ledger,0.484103,0.659658,0.426416,0.44889,0.620589,0.554303,ready_for_sandbox,True,False,False,False,True,True,True,True,False,False,False,False,False,candidate-only: test whether a local exploration axis could reduce residual/unresolved tension without breaking topology,O_t exploration view + retained noise ledger; entity=E009; signal=0.484; noise=0.449; topology=0.621,Task7_exploration_candidate_generation__candidate_only_no_pressure_no_action_no_parameter_update__RC1,2,1805,relation_lock,EXP_t2_E009_04_539439,exploration_probe,0.554303,GO_E009,True,0.33753638797215413,0.4278126531784152,0.5456365859300352,local_support_only__not_upper_formal_input__noncompressed_RC1,False,exploration_v8_audit,v8_local_support_audit,Task8_v8_local_audit_only__not_GK_generator__not_upper_formal_input__no_writeback__RC1,pass,6,d9030893d51084c8,False,False,False,False,False,False,False,False,False,False,True,True,False,False,False
1805,relation_lock,2,EXP_t2_E017_05_8c90f7,5,E017,OT_GO_E017,residual_gap_axis,residual_noise_ledger,0.479453,0.664021,0.41405,0.41894,0.595007,0.553329,ready_for_sandbox,True,False,False,False,True,True,True,True,False,False,False,False,False,candidate-only: test whether a local exploration axis could reduce residual/unresolved tension without breaking topology,O_t exploration view + retained noise ledger; entity=E017; signal=0.479; noise=0.419; topology=0.595,Task7_exploration_candidate_generation__candidate_only_no_pressure_no_action_no_parameter_update__RC1,2,1805,relation_lock,EXP_t2_E017_05_8c90f7,exploration_probe,0.553329,GO_E017,True,0.3748667337567614,0.3534612270093018,0.5444792071350938,local_support_only__not_upper_formal_input__noncompressed_RC1,False,exploration_v8_audit,v8_local_support_audit,Task8_v8_local_audit_only__not_GK_generator__not_upper_formal_input__no_writeback__RC1,pass,6,d9030893d51084c8,False,False,False,False,False,False,False,False,False,False,True,True,False,False,False
1805,relation_lock,2,EXP_t2_E007_06_4bc947,6,E007,OT_GO_E007,residual_gap_axis,residual_noise_ledger,0.467356,0.659346,0.406113,0.421143,0.602301,0.540691,ready_for_sandbox,True,False,False,False,True,True,True,True,False,False,False,False,False,candidate-only: test whether a local exploration axis could reduce residual/unresolved tension without breaking topology,O_t exploration view + retained noise ledger; entity=E007; signal=0.467; noise=0.421; topology=0.602,Task7_exploration_candidate_generation__candidate_only_no_pressure_no_action_no_parameter_update__RC1,2,1805,relation_lock,EXP_t2_E007_06_4bc947,exploration_probe,0.540691,GO_E007,True,0.35595334415662633,0.3808465480736922,0.5462191886996732,local_support_only__not_upper_formal_input__noncompressed_RC1,False,exploration_v8_audit,v8_local_support_audit,Task8_v8_local_audit_only__not_GK_generator__not_upper_formal_input__no_writeback__RC1,pass,6,d9030893d51084c8,False,False,False,False,False,False,False,False,False,False,True,True,False,False,False
1805,relation_lock,3,EXP_t3_E011_01_a5c38f,1,E011,OT_GO_E011,residual_gap_axis,residual_noise_ledger,0.544985,0.67848,0.49418,0.461326,0.573505,0.616504,ready_for_sandbox,True,False,False,False,True,True,True,True,False,False,False,False,False,candidate-only: test whether a local exploration axis could reduce residual/unresolved tension without breaking topology,O_t exploration view + retained noise ledger; entity=E011; signal=0.545; noise=0.461; topology=0.574,Task7_exploration_candidate_generation__candidate_only_no_pressure_no_action_no_parameter_update__RC1,3,1805,relation_lock,EXP_t3_E011_01_a5c38f,exploration_probe,0.616504,GO_E011,True,0.33773739625377747,0.3216706558603679,0.6092364880614337,local_support_only__not_upper_formal_input__noncompressed_RC1,False,exploration_v8_audit,v8_local_support_audit,Task8_v8_local_audit_only__not_GK_generator__not_upper_formal_input__no_writeback__RC1,pass,6,3b74c3163d33dd5d,False,False,False,False,False,False,False,False,False,False,True,True,False,False,False
1805,relation_lock,3,EXP_t3_E021_02_87742f,2,E021,OT_GO_E021,residual_gap_axis,residual_noise_ledger,0.549458,0.662364,0.513044,0.549733,0.698018,0.607678,ready_for_sandbox,True,False,False,False,True,True,True,True,False,False,False,False,False,candidate-only: test whether a local exploration axis could reduce residual/unresolved tension without breaking topology,O_t exploration view + retained noise ledger; entity=E021; signal=0.549; noise=0.550; topology=0.698,Task7_exploration_candidate_generation__candidate_only_no_pressure_no_action_no_parameter_update__RC1,3,1805,relation_lock,EXP_t3_E021_02_87742f,exploration_probe,0.607678,GO_E021,True,0.23716420975739247,0.5841668650902927,0.6102611532848746,local_support_only__not_upper_formal_input__noncompressed_RC1,False,exploration_v8_audit,v8_local_support_audit,Task8_v8_local_audit_only__not_GK_generator__not_upper_formal_input__no_writeback__RC1,pass,6,3b74c3163d33dd5d,False,False,False,False,False,False,False,False,False,False,True,True,False,False,False
1805,relation_lock,3,EXP_t3_E007_03_fd6805,3,E007,OT_GO_E007,residual_gap_axis,residual_noise_ledger,0.527513,0.672247,0.470886,0.461913,0.644579,0.595431,ready_for_sandbox,True,False,False,False,True,True,True,True,False,False,False,False,False,candidate-only: test whether a local exploration axis could reduce residual/unresolved tension without breaking topology,O_t exploration view + retained noise ledger; entity=E007; signal=0.528; noise=0.462; topology=0.645,Task7_exploration_candidate_generation__candidate_only_no_pressure_no_action_no_parameter_update__RC1,3,1805,relation_lock,EXP_t3_E007_03_fd6805,exploration_probe,0.595431,GO_E007,True,0.31486266859324114,0.410605270235531,0.5957534504791646,local_support_only__not_upper_formal_input__noncompressed_RC1,False,exploration_v8_audit,v8_local_support_audit,Task8_v8_local_audit_only__not_GK_generator__not_upper_formal_input__no_writeback__RC1,pass,6,3b74c3163d33dd5d,False,False,False,False,False,False,False,False,False,False,True,True,False,False,False
1805,relation_lock,3,EXP_t3_E004_04_1f6fd4,4,E004,OT_GO_E004,residual_gap_axis,residual_noise_ledger,0.508437,0.663666,0.444821,0.471437,0.558436,0.5799,ready_for_sandbox,True,False,False,False,True,True,True,True,False,False,False,False,False,candidate-only: test whether a local exploration axis could reduce residual/unresolved tension without breaking topology,O_t exploration view + retained noise ledger; entity=E004; signal=0.508; noise=0.471; topology=0.558,Task7_exploration_candidate_generation__candidate_only_no_pressure_no_action_no_parameter_update__RC1,3,1805,relation_lock,EXP_t3_E004_04_1f6fd4,exploration_probe,0.5799,GO_E004,True,0.38263250100384383,0.32171704689957686,0.6327165858723531,local_support_only__not_upper_formal_input__noncompressed_RC1,False,exploration_v8_audit,v8_local_support_audit,Task8_v8_local_audit_only__not_GK_generator__not_upper_formal_input__no_writeback__RC1,pass,6,3b74c3163d33dd5d,False,False,False,False,False,False,False,False,False,False,True,True,False,False,False
1805,relation_lock,3,EXP_t3_E009_05_1baa2d,5,E009,OT_GO_E009,residual_gap_axis,residual_noise_ledger,0.504505,0.668253,0.449897,0.441617,0.606718,0.57594,ready_for_sandbox,True,False,False,False,True,True,True,True,False,False,False,False,False,candidate-only: test whether a local exploration axis could reduce residual/unresolved tension without breaking topology,O_t exploration view + retained noise ledger; entity=E009; signal=0.505; noise=0.442; topology=0.607,Task7_exploration_candidate_generation__candidate_only_no_pressure_no_action_no_parameter_update__RC1,3,1805,relation_lock,EXP_t3_E009_05_1baa2d,exploration_probe,0.57594,GO_E009,True,0.3265070894378914,0.39934828129097993,0.537414276789757,local_support_only__not_upper_formal_input__noncompressed_RC1,False,exploration_v8_audit,v8_local_support_audit,Task8_v8_local_audit_only__not_GK_generator__not_upper_formal_input__no_writeback__RC1,pass,6,3b74c3163d33dd5d,False,False,False,False,False,False,False,False,False,False,True,True,False,False,False
1805,relation_lock,3,EXP_t3_E017_06_4e5a02,6,E017,OT_GO_E017,residual_gap_axis,residual_noise_ledger,0.507337,0.663419,0.443474,0.470743,0.638422,0.574856,ready_for_sandbox,True,False,False,False,True,True,True,True,False,False,False,False,False,candidate-only: test whether a local exploration axis could reduce residual/unresolved tension without breaking topology,O_t exploration view + retained noise ledger; entity=E017; signal=0.507; noise=0.471; topology=0.638,Task7_exploration_candidate_generation__candidate_only_no_pressure_no_action_no_parameter_update__RC1,3,1805,relation_lock,EXP_t3_E017_06_4e5a02,exploration_probe,0.574856,GO_E017,True,0.34669684152537106,0.41398029373148715,0.6075412476665482,local_support_only__not_upper_formal_input__noncompressed_RC1,False,exploration_v8_audit,v8_local_support_audit,Task8_v8_local_audit_only__not_GK_generator__not_upper_formal_input__no_writeback__RC1,pass,6,3b74c3163d33dd5d,False,False,False,False,False,False,False,False,False,False,True,True,False,False,False
1805,relation_lock,4,EXP_t4_E004_01_8eca04,1,E004,OT_GO_E004,residual_gap_axis,residual_noise_ledger,0.5753,0.673731,0.516087,0.538122,0.60588,0.638763,ready_for_sandbox,True,False,False,False,True,True,True,True,False,False,False,False,False,candidate-only: test whether a local exploration axis could reduce residual/unresolved tension without breaking topology,O_t exploration view + retained noise ledger; entity=E004; signal=0.575; noise=0.538; topology=0.606,Task7_exploration_candidate_generation__candidate_only_no_pressure_no_action_no_parameter_update__RC1,4,1805,relation_lock,EXP_t4_E004_01_8eca04,exploration_probe,0.638763,GO_E004,True,0.33804374888058963,0.37065530964790877,0.7125859444095891,local_support_only__not_upper_formal_input__noncompressed_RC1,False,exploration_v8_audit,v8_local_support_audit,Task8_v8_local_audit_only__not_GK_generator__not_upper_formal_input__no_writeback__RC1,pass,6,6519ba1f841b5eda,False,False,False,False,False,False,False,False,False,False,True,True,False,False,False
1805,relation_lock,4,EXP_t4_E007_02_153b44,2,E007,OT_GO_E007,residual_gap_axis,residual_noise_ledger,0.548854,0.678758,0.49591,0.466703,0.638783,0.616385,ready_for_sandbox,True,False,False,False,True,True,True,True,False,False,False,False,False,candidate-only: test whether a local exploration axis could reduce residual/unresolved tension without breaking topology,O_t exploration view + retained noise ledger; entity=E007; signal=0.549; noise=0.467; topology=0.639,Task7_exploration_candidate_generation__candidate_only_no_pressure_no_action_no_parameter_update__RC1,4,1805,relation_lock,EXP_t4_E007_02_153b44,exploration_probe,0.616385,GO_E007,True,0.30540500844690616,0.39359517577889114,0.6059744481340368,local_support_only__not_upper_formal_input__noncompressed_RC1,False,exploration_v8_audit,v8_local_support_audit,Task8_v8_local_audit_only__not_GK_generator__not_upper_formal_input__no_writeback__RC1,pass,6,6519ba1f841b5eda,False,False,False,False,False,False,False,False,False,False,True,True,False,False,False
1805,relation_lock,4,EXP_t4_E021_03_c8fbb0,3,E021,OT_GO_E021,residual_gap_axis,residual_noise_ledger,0.54881,0.661662,0.512432,0.552106,0.713265,0.605785,ready_for_sandbox,True,False,False,False,True,True,True,True,False,False,False,False,False,candidate-only: test whether a local exploration axis could reduce residual/unresolved tension without breaking topology,O_t exploration view + retained noise ledger; entity=E021; signal=0.549; noise=0.552; topology=0.713,Task7_exploration_candidate_generation__candidate_only_no_pressure_no_action_no_parameter_update__RC1,4,1805,relation_lock,EXP_t4_E021_03_c8fbb0,exploration_probe,0.605785,GO_E021,True,0.22811474404124665,0.6006898089289586,0.6172477294270049,local_support_only__not_upper_formal_input__noncompressed_RC1,False,exploration_v8_audit,v8_local_support_audit,Task8_v8_local_audit_only__not_GK_generator__not_upper_formal_input__no_writeback__RC1,pass,6,6519ba1f841b5eda,False,False,False,False,False,False,False,False,False,False,True,True,False,False,False
1805,relation_lock,4,EXP_t4_E009_04_62657b,4,E009,OT_GO_E009,residual_gap_axis,residual_noise_ledger,0.532331,0.673281,0.489539,0.465176,0.600175,0.601914,ready_for_sandbox,True,False,False,False,True,True,True,True,False,False,False,False,False,candidate-only: test whether a local exploration axis could reduce residual/unresolved tension without breaking topology,O_t exploration view + retained noise ledger; entity=E009; signal=0.532; noise=0.465; topology=0.600,Task7_exploration_candidate_generation__candidate_only_no_pressure_no_action_no_parameter_update__RC1,4,1805,relation_lock,EXP_t4_E009_04_62657b,exploration_probe,0.601914,GO_E009,True,0.29297931522633847,0.40185711160126836,0.5695683960997419,local_support_only__not_upper_formal_input__noncompressed_RC1,False,exploration_v8_audit,v8_local_support_audit,Task8_v8_local_audit_only__not_GK_generator__not_upper_formal_input__no_writeback__RC1,pass,6,6519ba1f841b5eda,False,False,False,False,False,False,False,False,False,False,True,True,False,False,False
1805,relation_lock,4,EXP_t4_E011_05_b66989,5,E011,OT_GO_E011,residual_gap_axis,residual_noise_ledger,0.523489,0.673452,0.475153,0.448848,0.565105,0.596132,ready_for_sandbox,True,False,False,False,True,True,True,True,False,False,False,False,False,candidate-only: test whether a local exploration axis could reduce residual/unresolved tension without breaking topology,O_t exploration view + retained noise ledger; entity=E011; signal=0.523; noise=0.449; topology=0.565,Task7_exploration_candidate_generation__candidate_only_no_pressure_no_action_no_parameter_update__RC1,4,1805,relation_lock,EXP_t4_E011_05_b66989,exploration_probe,0.596132,GO_E011,True,0.3404488831009074,0.333072750187759,0.5772458294754482,local_support_only__not_upper_formal_input__noncompressed_RC1,False,exploration_v8_audit,v8_local_support_audit,Task8_v8_local_audit_only__not_GK_generator__not_upper_formal_input__no_writeback__RC1,pass,6,6519ba1f841b5eda,False,False,False,False,False,False,False,False,False,False,True,True,False,False,False
1805,relation_lock,4,EXP_t4_E017_06_4d4bcf,6,E017,OT_GO_E017,residual_gap_axis,residual_noise_ledger,0.530207,0.667654,0.470716,0.489591,0.643448,0.595674,ready_for_sandbox,True,False,False,False,True,True,True,True,False,False,False,False,False,candidate-only: test whether a local exploration axis could reduce residual/unresolved tension without breaking topology,O_t exploration view + retained noise ledger; entity=E017; signal=0.530; noise=0.490; topology=0.643,Task7_exploration_candidate_generation__candidate_only_no_pressure_no_action_no_parameter_update__RC1,4,1805,relation_lock,EXP_t4_E017_06_4d4bcf,exploration_probe,0.595674,GO_E017,True,0.3275895820494473,0.4205089260663028,0.631714282204716,local_support_only__not_upper_formal_input__noncompressed_RC1,False,exploration_v8_audit,v8_local_support_audit,Task8_v8_local_audit_only__not_GK_generator__not_upper_formal_input__no_writeback__RC1,pass,6,6519ba1f841b5eda,False,False,False,False,False,False,False,False,False,False,True,True,False,False,False
1805,relation_lock,5,EXP_t5_E004_01_696f87,1,E004,OT_GO_E004,residual_gap_axis,residual_noise_ledger,0.587362,0.67421,0.53814,0.556833,0.623769,0.647965,ready_for_sandbox,True,False,False,False,True,True,True,True,False,False,False,False,False,candidate-only: test whether a local exploration axis could reduce residual/unresolved tension without breaking topology,O_t exploration view + retained noise ledger; entity=E004; signal=0.587; noise=0.557; topology=0.624,Task7_exploration_candidate_generation__candidate_only_no_pressure_no_action_no_parameter_update__RC1,5,1805,relation_lock,EXP_t5_E004_01_696f87,exploration_probe,0.647965,GO_E004,True,0.3103089562892824,0.41795516959887474,0.7040527971557604,local_support_only__not_upper_formal_input__noncompressed_RC1,False,exploration_v8_audit,v8_local_support_audit,Task8_v8_local_audit_only__not_GK_generator__not_upper_formal_input__no_writeback__RC1,pass,6,479fba7ae03a7b49,False,False,False,False,False,False,False,False,False,False,True,True,False,False,False
1805,relation_lock,5,EXP_t5_E017_02_c34d2c,2,E017,OT_GO_E017,residual_gap_axis,residual_noise_ledger,0.588763,0.675581,0.537816,0.552433,0.68026,0.646894,ready_for_sandbox,True,False,False,False,True,True,True,True,False,False,False,False,False,candidate-only: test whether a local exploration axis could reduce residual/unresolved tension without breaking topology,O_t exploration view + retained noise ledger; entity=E017; signal=0.589; noise=0.552; topology=0.680,Task7_exploration_candidate_generation__candidate_only_no_pressure_no_action_no_parameter_update__RC1,5,1805,relation_lock,EXP_t5_E017_02_c34d2c,exploration_probe,0.646894,GO_E017,True,0.2793595019017587,0.4791487580727489,0.6856781189085618,local_support_only__not_upper_formal_input__noncompressed_RC1,False,exploration_v8_audit,v8_local_support_audit,Task8_v8_local_audit_only__not_GK_generator__not_upper_formal_input__no_writeback__RC1,pass,6,479fba7ae03a7b49,False,False,False,False,False,False,False,False,False,False,True,True,False,False,False
1805,relation_lock,5,EXP_t5_E007_03_160651,3,E007,OT_GO_E007,residual_gap_axis,residual_noise_ledger,0.552007,0.677273,0.507605,0.479649,0.624082,0.618769,ready_for_sandbox,True,False,False,False,True,True,True,True,False,False,False,False,False,candidate-only: test whether a local exploration axis could reduce residual/unresolved tension without breaking topology,O_t exploration view + retained noise ledger; entity=E007; signal=0.552; noise=0.480; topology=0.624,Task7_exploration_candidate_generation__candidate_only_no_pressure_no_action_no_parameter_update__RC1,5,1805,relation_lock,EXP_t5_E007_03_160651,exploration_probe,0.618769,GO_E007,True,0.2919499912047868,0.4024302983992461,0.6087082247978187,local_support_only__not_upper_formal_input__noncompressed_RC1,False,exploration_v8_audit,v8_local_support_audit,Task8_v8_local_audit_only__not_GK_generator__not_upper_formal_input__no_writeback__RC1,pass,6,479fba7ae03a7b49,False,False,False,False,False,False,False,False,False,False,True,True,False,False,False
1805,relation_lock,5,EXP_t5_E011_04_ba0369,4,E011,OT_GO_E011,residual_gap_axis,residual_noise_ledger,0.539784,0.67982,0.483971,0.445524,0.581338,0.611414,ready_for_sandbox,True,False,False,False,True,True,True,True,False,False,False,False,False,candidate-only: test whether a local exploration axis could reduce residual/unresolved tension without breaking topology,O_t exploration view + retained noise ledger; entity=E011; signal=0.540; noise=0.446; topology=0.581,Task7_exploration_candidate_generation__candidate_only_no_pressure_no_action_no_parameter_update__RC1,5,1805,relation_lock,EXP_t5_E011_04_ba0369,exploration_probe,0.611414,GO_E011,True,0.35517539722623337,0.3201364845502319,0.575487895845999,local_support_only__not_upper_formal_input__noncompressed_RC1,False,exploration_v8_audit,v8_local_support_audit,Task8_v8_local_audit_only__not_GK_generator__not_upper_formal_input__no_writeback__RC1,pass,6,479fba7ae03a7b49,False,False,False,False,False,False,False,False,False,False,True,True,False,False,False
1805,relation_lock,5,EXP_t5_E021_05_2eb868,5,E021,OT_GO_E021,residual_gap_axis,residual_noise_ledger,0.540241,0.659705,0.511102,0.546897,0.692557,0.5982,ready_for_sandbox,True,False,False,False,True,True,True,True,False,False,False,False,False,candidate-only: test whether a local exploration axis could reduce residual/unresolved tension without breaking topology,O_t exploration view + retained noise ledger; entity=E021; signal=0.540; noise=0.547; topology=0.693,Task7_exploration_candidate_generation__candidate_only_no_pressure_no_action_no_parameter_update__RC1,5,1805,relation_lock,EXP_t5_E021_05_2eb868,exploration_probe,0.5982,GO_E021,True,0.215069863736286,0.5922412877301059,0.6148069757676417,local_support_only__not_upper_formal_input__noncompressed_RC1,False,exploration_v8_audit,v8_local_support_audit,Task8_v8_local_audit_only__not_GK_generator__not_upper_formal_input__no_writeback__RC1,pass,6,479fba7ae03a7b49,False,False,False,False,False,False,False,False,False,False,True,True,False,False,False
1805,relation_lock,5,EXP_t5_E009_06_150035,6,E009,OT_GO_E009,residual_gap_axis,residual_noise_ledger,0.523756,0.671238,0.478734,0.460385,0.597771,0.593375,ready_for_sandbox,True,False,False,False,True,True,True,True,False,False,False,False,False,candidate-only: test whether a local exploration axis could reduce residual/unresolved tension without breaking topology,O_t exploration view + retained noise ledger; entity=E009; signal=0.524; noise=0.460; topology=0.598,Task7_exploration_candidate_generation__candidate_only_no_pressure_no_action_no_parameter_update__RC1,5,1805,relation_lock,EXP_t5_E009_06_150035,exploration_probe,0.593375,GO_E009,True,0.29901436144694954,0.39785551645139766,0.5692960989959441,local_support_only__not_upper_formal_input__noncompressed_RC1,False,exploration_v8_audit,v8_local_support_audit,Task8_v8_local_audit_only__not_GK_generator__not_upper_formal_input__no_writeback__RC1,pass,6,479fba7ae03a7b49,False,False,False,False,False,False,False,False,False,False,True,True,False,False,False
1805,relation_lock,6,EXP_t6_E017_01_c52f1d,1,E017,OT_GO_E017,residual_gap_axis,residual_noise_ledger,0.609406,0.678854,0.562599,0.57219,0.688885,0.665173,ready_for_sandbox,True,False,False,False,True,True,True,True,False,False,False,False,False,candidate-only: test whether a local exploration axis could reduce residual/unresolved tension without breaking topology,O_t exploration view + retained noise ledger; entity=E017; signal=0.609; noise=0.572; topology=0.689,Task7_exploration_candidate_generation__candidate_only_no_pressure_no_action_no_parameter_update__RC1,6,1805,relation_lock,EXP_t6_E017_01_c52f1d,exploration_probe,0.665173,GO_E017,True,0.2660267183822076,0.49655984006413983,0.6953622422579167,local_support_only__not_upper_formal_input__noncompressed_RC1,False,exploration_v8_audit,v8_local_support_audit,Task8_v8_local_audit_only__not_GK_generator__not_upper_formal_input__no_writeback__RC1,pass,6,bd97255f3e1612ab,False,False,False,False,False,False,False,False,False,False,True,True,False,False,False
1805,relation_lock,6,EXP_t6_E004_02_5ce9f5,2,E004,OT_GO_E004,residual_gap_axis,residual_noise_ledger,0.586108,0.67346,0.527391,0.558391,0.656171,0.644615,ready_for_sandbox,True,False,False,False,True,True,True,True,False,False,False,False,False,candidate-only: test whether a local exploration axis could reduce residual/unresolved tension without breaking topology,O_t exploration view + retained noise ledger; entity=E004; signal=0.586; noise=0.558; topology=0.656,Task7_exploration_candidate_generation__candidate_only_no_pressure_no_action_no_parameter_update__RC1,6,1805,relation_lock,EXP_t6_E004_02_5ce9f5,exploration_probe,0.644615,GO_E004,True,0.3193112244507354,0.43934259149419336,0.7079561578114232,local_support_only__not_upper_formal_input__noncompressed_RC1,False,exploration_v8_audit,v8_local_support_audit,Task8_v8_local_audit_only__not_GK_generator__not_upper_formal_input__no_writeback__RC1,pass,6,bd97255f3e1612ab,False,False,False,False,False,False,False,False,False,False,True,True,False,False,False
1805,relation_lock,6,EXP_t6_E021_03_498b41,3,E021,OT_GO_E021,residual_gap_axis,residual_noise_ledger,0.563097,0.664242,0.527131,0.564209,0.731846,0.617354,ready_for_sandbox,True,False,False,False,True,True,True,True,False,False,False,False,False,candidate-only: test whether a local exploration axis could reduce residual/unresolved tension without breaking topology,O_t exploration view + retained noise ledger; entity=E021; signal=0.563; noise=0.564; topology=0.732,Task7_exploration_candidate_generation__candidate_only_no_pressure_no_action_no_parameter_update__RC1,6,1805,relation_lock,EXP_t6_E021_03_498b41,exploration_probe,0.617354,GO_E021,True,0.2148565546722783,0.6133369330757413,0.6401245320386019,local_support_only__not_upper_formal_input__noncompressed_RC1,False,exploration_v8_audit,v8_local_support_audit,Task8_v8_local_audit_only__not_GK_generator__not_upper_formal_input__no_writeback__RC1,pass,6,bd97255f3e1612ab,False,False,False,False,False,False,False,False,False,False,True,True,False,False,False
1805,relation_lock,6,EXP_t6_E011_04_3b7e43,4,E011,OT_GO_E011,residual_gap_axis,residual_noise_ledger,0.54343,0.682065,0.487106,0.440676,0.58856,0.614734,ready_for_sandbox,True,False,False,False,True,True,True,True,False,False,False,False,False,candidate-only: test whether a local exploration axis could reduce residual/unresolved tension without breaking topology,O_t exploration view + retained noise ledger; entity=E011; signal=0.543; noise=0.441; topology=0.589,Task7_exploration_candidate_generation__candidate_only_no_pressure_no_action_no_parameter_update__RC1,6,1805,relation_lock,EXP_t6_E011_04_3b7e43,exploration_probe,0.614734,GO_E011,True,0.3427634514022183,0.33282504823471837,0.554950894789382,local_support_only__not_upper_formal_input__noncompressed_RC1,False,exploration_v8_audit,v8_local_support_audit,Task8_v8_local_audit_only__not_GK_generator__not_upper_formal_input__no_writeback__RC1,pass,6,bd97255f3e1612ab,False,False,False,False,False,False,False,False,False,False,True,True,False,False,False
1805,relation_lock,6,EXP_t6_E009_05_d380aa,5,E009,OT_GO_E009,residual_gap_axis,residual_noise_ledger,0.541062,0.675186,0.500573,0.470927,0.576895,0.610529,ready_for_sandbox,True,False,False,False,True,True,True,True,False,False,False,False,False,candidate-only: test whether a local exploration axis could reduce residual/unresolved tension without breaking topology,O_t exploration view + retained noise ledger; entity=E009; signal=0.541; noise=0.471; topology=0.577,Task7_exploration_candidate_generation__candidate_only_no_pressure_no_action_no_parameter_update__RC1,6,1805,relation_lock,EXP_t6_E009_05_d380aa,exploration_probe,0.610529,GO_E009,True,0.2869616801997112,0.3728882325986716,0.5956872951453871,local_support_only__not_upper_formal_input__noncompressed_RC1,False,exploration_v8_audit,v8_local_support_audit,Task8_v8_local_audit_only__not_GK_generator__not_upper_formal_input__no_writeback__RC1,pass,6,bd97255f3e1612ab,False,False,False,False,False,False,False,False,False,False,True,True,False,False,False
1805,relation_lock,6,EXP_t6_E007_06_32ac78,6,E007,OT_GO_E007,residual_gap_axis,residual_noise_ledger,0.539185,0.6725,0.488707,0.481075,0.640813,0.604644,ready_for_sandbox,True,False,False,False,True,True,True,True,False,False,False,False,False,candidate-only: test whether a local exploration axis could reduce residual/unresolved tension without breaking topology,O_t exploration view + retained noise ledger; entity=E007; signal=0.539; noise=0.481; topology=0.641,Task7_exploration_candidate_generation__candidate_only_no_pressure_no_action_no_parameter_update__RC1,6,1805,relation_lock,EXP_t6_E007_06_32ac78,exploration_probe,0.604644,GO_E007,True,0.30375461726357117,0.431234114334252,0.5927039890982541,local_support_only__not_upper_formal_input__noncompressed_RC1,False,exploration_v8_audit,v8_local_support_audit,Task8_v8_local_audit_only__not_GK_generator__not_upper_formal_input__no_writeback__RC1,pass,6,bd97255f3e1612ab,False,False,False,False,False,False,False,False,False,False,True,True,False,False,False
1805,relation_lock,7,EXP_t7_E017_01_f72443,1,E017,OT_GO_E017,residual_gap_axis,residual_noise_ledger,0.634413,0.679903,0.591207,0.610707,0.698672,0.68632,ready_for_sandbox,True,False,False,False,True,True,True,True,False,False,False,False,False,candidate-only: test whether a local exploration axis could reduce residual/unresolved tension without breaking topology,O_t exploration view + retained noise ledger; entity=E017; signal=0.634; noise=0.611; topology=0.699,Task7_exploration_candidate_generation__candidate_only_no_pressure_no_action_no_parameter_update__RC1,7,1805,relation_lock,EXP_t7_E017_01_f72443,exploration_probe,0.68632,GO_E017,True,0.2507717091139025,0.5216903643236134,0.7357673371466014,local_support_only__not_upper_formal_input__noncompressed_RC1,False,exploration_v8_audit,v8_local_support_audit,Task8_v8_local_audit_only__not_GK_generator__not_upper_formal_input__no_writeback__RC1,pass,6,f7f8aa31d60a8bf5,False,False,False,False,False,False,False,False,False,False,True,True,False,False,False
1805,relation_lock,7,EXP_t7_E021_02_19a8b5,2,E021,OT_GO_E021,residual_gap_axis,residual_noise_ledger,0.5978,0.668682,0.564855,0.60274,0.749765,0.64779,ready_for_sandbox,True,False,False,False,True,True,True,True,False,False,False,False,False,candidate-only: test whether a local exploration axis could reduce residual/unresolved tension without breaking topology,O_t exploration view + retained noise ledger; entity=E021; signal=0.598; noise=0.603; topology=0.750,Task7_exploration_candidate_generation__candidate_only_no_pressure_no_action_no_parameter_update__RC1,7,1805,relation_lock,EXP_t7_E021_02_19a8b5,exploration_probe,0.64779,GO_E021,True,0.19322333306857972,0.636430169133232,0.6864932780044292,local_support_only__not_upper_formal_input__noncompressed_RC1,False,exploration_v8_audit,v8_local_support_audit,Task8_v8_local_audit_only__not_GK_generator__not_upper_formal_input__no_writeback__RC1,pass,6,f7f8aa31d60a8bf5,False,False,False,False,False,False,False,False,False,False,True,True,False,False,False
1805,relation_lock,7,EXP_t7_E001_03_a59b1a,3,E001,OT_GO_E001,residual_gap_axis,residual_noise_ledger,0.557331,0.676322,0.501714,0.493719,0.628723,0.622094,ready_for_sandbox,True,False,False,False,True,True,True,True,False,False,False,False,False,candidate-only: test whether a local exploration axis could reduce residual/unresolved tension without breaking topology,O_t exploration view + retained noise ledger; entity=E001; signal=0.557; noise=0.494; topology=0.629,Task7_exploration_candidate_generation__candidate_only_no_pressure_no_action_no_parameter_update__RC1,7,1805,relation_lock,EXP_t7_E001_03_a59b1a,exploration_probe,0.622094,GO_E001,True,0.3341824973375618,0.39490976937664174,0.6185089020062293,local_support_only__not_upper_formal_input__noncompressed_RC1,False,exploration_v8_audit,v8_local_support_audit,Task8_v8_local_audit_only__not_GK_generator__not_upper_formal_input__no_writeback__RC1,pass,6,f7f8aa31d60a8bf5,False,False,False,False,False,False,False,False,False,False,True,True,False,False,False
1805,relation_lock,7,EXP_t7_E009_04_db3149,4,E009,OT_GO_E009,residual_gap_axis,residual_noise_ledger,0.546655,0.677184,0.503701,0.470726,0.564698,0.616459,ready_for_sandbox,True,False,False,False,True,True,True,True,False,False,False,False,False,candidate-only: test whether a local exploration axis could reduce residual/unresolved tension without breaking topology,O_t exploration view + retained noise ledger; entity=E009; signal=0.547; noise=0.471; topology=0.565,Task7_exploration_candidate_generation__candidate_only_no_pressure_no_action_no_parameter_update__RC1,7,1805,relation_lock,EXP_t7_E009_04_db3149,exploration_probe,0.616459,GO_E009,True,0.2883828992586516,0.35028249115072546,0.6094686383888873,local_support_only__not_upper_formal_input__noncompressed_RC1,False,exploration_v8_audit,v8_local_support_audit,Task8_v8_local_audit_only__not_GK_generator__not_upper_formal_input__no_writeback__RC1,pass,6,f7f8aa31d60a8bf5,False,False,False,False,False,False,False,False,False,False,True,True,False,False,False
1805,relation_lock,7,EXP_t7_E018_05_58c6bc,5,E018,OT_GO_E018,residual_gap_axis,residual_noise_ledger,0.560261,0.661065,0.507241,0.575133,0.683014,0.615797,ready_for_sandbox,True,False,False,False,True,True,True,True,False,False,False,False,False,candidate-only: test whether a local exploration axis could reduce residual/unresolved tension without breaking topology,O_t exploration view + retained noise ledger; entity=E018; signal=0.560; noise=0.575; topology=0.683,Task7_exploration_candidate_generation__candidate_only_no_pressure_no_action_no_parameter_update__RC1,7,1805,relation_lock,EXP_t7_E018_05_58c6bc,exploration_probe,0.615797,GO_E018,True,0.2986030311970263,0.5260366759559341,0.6896133358150497,local_support_only__not_upper_formal_input__noncompressed_RC1,False,exploration_v8_audit,v8_local_support_audit,Task8_v8_local_audit_only__not_GK_generator__not_upper_formal_input__no_writeback__RC1,pass,6,f7f8aa31d60a8bf5,False,False,False,False,False,False,False,False,False,False,True,True,False,False,False
1805,relation_lock,7,EXP_t7_E011_06_c36e63,6,E011,OT_GO_E011,residual_gap_axis,residual_noise_ledger,0.544175,0.679473,0.485433,0.454942,0.620655,0.612444,ready_for_sandbox,True,False,False,False,True,True,True,True,False,False,False,False,False,candidate-only: test whether a local exploration axis could reduce residual/unresolved tension without breaking topology,O_t exploration view + retained noise ledger; entity=E011; signal=0.544; noise=0.455; topology=0.621,Task7_exploration_candidate_generation__candidate_only_no_pressure_no_action_no_parameter_update__RC1,7,1805,relation_lock,EXP_t7_E011_06_c36e63,exploration_probe,0.612444,GO_E011,True,0.331396728989674,0.3823187087140041,0.5545945441695651,local_support_only__not_upper_formal_input__noncompressed_RC1,False,exploration_v8_audit,v8_local_support_audit,Task8_v8_local_audit_only__not_GK_generator__not_upper_formal_input__no_writeback__RC1,pass,6,f7f8aa31d60a8bf5,False,False,False,False,False,False,False,False,False,False,True,True,False,False,False
